================================================================================
CHUNKS WITH EMBEDDINGS
================================================================================

Total chunks: 31
Embedding dimensions: 384

--------------------------------------------------------------------------------
CHUNK 1
--------------------------------------------------------------------------------
Scheme: HDFC Large Cap Fund
Section: Expense Ratio
Source: https://groww.in/mutual-funds/hdfc-large-cap-fund-direct-growth
Last Updated: 2026-10-01

TEXT:
Expense Ratio: NAV: 30 Sep '26₹1,161.71Min. for SIP₹100Fund size (AUM)₹39,933.36 CrExpense ratio1.03%Rating4

EMBEDDING (384-dim vector):
    0.0463  -0.0135  -0.0947   0.0750   0.0354   0.0032   0.0548   0.0807   0.0041   0.0020
    0.0076  -0.1418  -0.0360   0.0535  -0.0550  -0.0981  -0.0427  -0.1052   0.0085  -0.0117
    0.0276   0.0295   0.0314   0.0167   0.0408  -0.0100   0.0137   0.0283  -0.0036  -0.0710
    0.0868   0.0916   0.0703  -0.0587   0.0010  -0.0456  -0.0832   0.0165   0.0465  -0.0748
   -0.0002   0.0268   0.0153  -0.0548   0.0025  -0.0105  -0.0380   0.0797   0.0256   0.1096
    0.0440   0.0061  -0.0486  -0.0483   0.0200   0.0194  -0.0649  -0.0310   0.0113  -0.0174
   -0.0223   0.0523  -0.0386   0.0001   0.0491  -0.0281  -0.0289   0.0391  -0.0003   0.0181
    0.0042  -0.1149  -0.0253  -0.1037  -0.0279   0.0314   0.0524   0.0283  -0.0554   0.0195
    0.0054  -0.0147   0.0476   0.0260   0.0574  -0.0329   0.0957  -0.0758  -0.0113  -0.0235
    0.0770   0.0940  -0.0028  -0.0065  -0.0149   0.0133  -0.0095   0.0048  -0.0156   0.0204
    0.0583   0.1120  -0.0453  -0.0401  -0.0567   0.0086   0.0822   0.0452   0.0702   0.0303
   -0.0158   0.0596  -0.0231  -0.0466  -0.0170   0.0133  -0.0576  -0.0727   0.1189   0.0646
   -0.0157   0.0488   0.0019  -0.0408  -0.0185  -0.0896   0.0299   0.0000  -0.1417   0.0322
   -0.0753  -0.0364  -0.0203   0.0087   0.0290   0.0321  -0.0250  -0.0670  -0.0625   0.0409
   -0.0411  -0.0336  -0.0030  -0.0313   0.0100   0.0144   0.0007  -0.0636  -0.0527  -0.0255
    0.0275  -0.0120   0.0815  -0.0242  -0.0096  -0.0267   0.1023   0.0379   0.0790   0.0385
   -0.0323  -0.0197  -0.0867   0.0363   0.0012   0.0014  -0.1060  -0.0355  -0.0313   0.0622
    0.0135  -0.0229  -0.0818  -0.0048   0.0518   0.0321   0.0415   0.0329  -0.1337  -0.0369
   -0.0284   0.0087   0.0067  -0.0466  -0.0335  -0.0274  -0.0160  -0.0307   0.0211  -0.0041
   -0.0820  -0.0486  -0.0183   0.0212  -0.0144  -0.0801   0.0445  -0.0078  -0.0611   0.0125
    0.1036   0.0715  -0.0032   0.0175   0.0049  -0.0042  -0.0239   0.0864  -0.0671   0.0190
    0.0640  -0.0261   0.0715  -0.0736   0.0525   0.0233   0.0233   0.0405   0.0433   0.0006
    0.0026  -0.0192   0.0032  -0.0000   0.0097   0.0303  -0.0197   0.0502  -0.0189   0.0202
    0.0312   0.0587   0.0365  -0.0133  -0.0235   0.0737   0.0654  -0.0171  -0.0036   0.0092
    0.0444   0.0189  -0.0065  -0.0278  -0.0031   0.0832   0.1028   0.0127  -0.0582   0.0557
    0.0330  -0.0468  -0.0396   0.0061  -0.0018  -0.0341  -0.0513   0.1100  -0.1439  -0.0556
   -0.0049   0.0461   0.0129   0.0903   0.0679   0.0225  -0.0582  -0.1030   0.0729  -0.0945
    0.0092  -0.0382   0.0778  -0.0973   0.0553  -0.0155   0.0064   0.0357   0.0287   0.0530
    0.0458  -0.0166  -0.0035  -0.0647   0.0633   0.1272   0.0134  -0.0410   0.0330  -0.0236
   -0.0299  -0.0197   0.0637  -0.0165  -0.0305  -0.0464   0.0377   0.0323   0.0021   0.0461
   -0.0197  -0.0126   0.0646  -0.0012   0.0126   0.0770   0.0232  -0.0107  -0.0240  -0.0218
    0.0314  -0.0708   0.0620   0.0542  -0.0346  -0.0430   0.0232   0.0123   0.0027  -0.0000
   -0.0082  -0.0364   0.0232   0.0548   0.0303  -0.0082  -0.0386   0.0401  -0.0308   0.1105
    0.0718  -0.0406  -0.1074   0.0428  -0.0748  -0.0052  -0.0133   0.0927  -0.0356  -0.1048
    0.0256   0.0537   0.0027   0.0309  -0.0072   0.0013  -0.0266   0.0628  -0.0576  -0.0898
   -0.0085   0.0510   0.0383  -0.0125  -0.1013  -0.0117   0.0454   0.0386  -0.0750   0.1328
    0.0155  -0.1609  -0.0552  -0.0539  -0.0153   0.0351  -0.0690  -0.0199  -0.0170  -0.0951
    0.0602  -0.0089   0.0146   0.0214  -0.0084  -0.0430  -0.0676  -0.0172  -0.0594  -0.0491
    0.0917  -0.0214  -0.0348  -0.0049

--------------------------------------------------------------------------------
CHUNK 2
--------------------------------------------------------------------------------
Scheme: HDFC Large Cap Fund
Section: Benchmark
Source: https://groww.in/mutual-funds/hdfc-large-cap-fund-direct-growth
Last Updated: 2026-10-01

TEXT:
Benchmark: Prior to joining HDFC MF,he has worked with Motilal Oswal Financial Services Ltd., Goldman Sachs, CRISIL Global Research & Analytics and Deloitte Haskins & Sells

EMBEDDING (384-dim vector):
    0.0022  -0.0957  -0.0834   0.0082   0.0090  -0.0176  -0.0027  -0.0265  -0.0420  -0.0554
   -0.0249  -0.0495  -0.0000   0.0103  -0.0104  -0.0192   0.0890   0.0072   0.0323  -0.0890
   -0.1402  -0.0738   0.0514  -0.0706   0.0452  -0.0558  -0.0469   0.0580  -0.0283  -0.0387
    0.0357   0.0552  -0.0140   0.0254   0.0395   0.0664   0.0215   0.0111  -0.0198  -0.0559
   -0.0164  -0.0786   0.0079  -0.0191   0.0680  -0.0769   0.0116   0.0205  -0.0165   0.0200
   -0.1266  -0.0175  -0.0001  -0.0416   0.0222   0.1047   0.0466  -0.0055   0.0197   0.0238
   -0.0446  -0.0600  -0.0274   0.0336   0.0716   0.0061  -0.0683  -0.0435  -0.0311  -0.0542
   -0.0481  -0.0753  -0.0515  -0.0373   0.0042   0.0557  -0.0124   0.0228   0.0797  -0.1284
    0.0427   0.0033  -0.0004   0.0137   0.0269  -0.0398   0.0421  -0.0134  -0.0112  -0.0131
    0.1439   0.0333  -0.0374  -0.0041  -0.0679  -0.0569   0.0011   0.0902  -0.0494   0.0313
   -0.0014  -0.0198  -0.0135  -0.0038  -0.0202  -0.0074   0.0595   0.1255   0.0024  -0.0057
    0.0075   0.0499  -0.0102  -0.0275   0.0699  -0.0324  -0.0744   0.0067  -0.0301  -0.0035
   -0.0158   0.0469  -0.0813  -0.0665  -0.0675   0.0644  -0.0311   0.0000   0.0631   0.0802
    0.0930  -0.0095  -0.0124   0.0306   0.0223   0.0107   0.0039   0.0458  -0.0226   0.0828
   -0.0373   0.0071  -0.0974  -0.0645   0.0009  -0.0080  -0.0056   0.0225   0.0528   0.0814
   -0.0098  -0.0480   0.1389   0.0049   0.0327   0.0142   0.0514   0.0835  -0.0687  -0.0046
   -0.1045  -0.0248  -0.0038   0.0075  -0.0886  -0.0988  -0.0519  -0.0543  -0.0840   0.0890
   -0.0177  -0.0787  -0.1270  -0.0118  -0.0012   0.0598   0.1011   0.0139  -0.0441   0.0014
    0.0047  -0.0126   0.0454   0.0548   0.0370  -0.0442   0.0466   0.1246  -0.0451   0.0174
   -0.1209   0.0146  -0.0385   0.0109  -0.0242  -0.0312   0.0232  -0.0047   0.0532   0.0748
    0.0593  -0.0137  -0.0053  -0.0885  -0.0084   0.0921   0.0098  -0.0125  -0.0027   0.0992
    0.1029  -0.0508  -0.0086   0.0533  -0.0203  -0.0080  -0.0410   0.0406  -0.0805  -0.0745
    0.0497   0.0838  -0.0117  -0.0000  -0.0482  -0.0375   0.0431   0.0209  -0.0228   0.0427
   -0.0206   0.0062   0.0224   0.0278   0.0998   0.0661   0.0366  -0.0737  -0.0464  -0.0368
   -0.0067  -0.0689  -0.0043  -0.0118   0.0976  -0.0006   0.0526   0.0638   0.0012   0.0093
    0.0015  -0.0477  -0.0528  -0.0168   0.0375  -0.0035  -0.1095  -0.0035  -0.0090  -0.0226
    0.0098   0.0888  -0.0203   0.0626  -0.0025   0.0086   0.0415  -0.0659   0.0161   0.0620
   -0.0751   0.0118   0.0667  -0.0086  -0.0652  -0.0092  -0.0519   0.0285  -0.0502   0.0177
    0.0222  -0.0353  -0.0258   0.0190   0.0073   0.0628   0.0549   0.0807   0.0557   0.0255
   -0.0148  -0.0126   0.0273  -0.0799  -0.0067  -0.0676   0.0405   0.0264  -0.0036   0.0265
   -0.0626  -0.0512  -0.0122   0.0724   0.1031  -0.0600  -0.0017   0.0688  -0.0927  -0.0088
    0.0631  -0.1137   0.0399  -0.0201  -0.0125  -0.0486  -0.0224  -0.0147   0.0260  -0.0000
   -0.0061  -0.0540  -0.0163  -0.0900  -0.0698   0.0114  -0.0430   0.0353   0.0382   0.0636
    0.1080  -0.0204  -0.0863  -0.0070  -0.0179  -0.0437   0.0660   0.0525   0.0171   0.0430
    0.0715   0.0480   0.0577   0.0435   0.0276  -0.0130  -0.0304   0.0110   0.0542   0.0634
   -0.0489   0.0251   0.0229   0.0026   0.0363   0.0243  -0.0114   0.0334  -0.0213   0.1215
    0.0327   0.0256   0.0190  -0.0238   0.0190  -0.0046  -0.0657   0.0922   0.0308  -0.0259
   -0.0044   0.0005   0.0012  -0.0080   0.0225  -0.0394   0.0078  -0.0383  -0.0059  -0.0129
    0.1002  -0.1261   0.0223   0.0452

--------------------------------------------------------------------------------
CHUNK 3
--------------------------------------------------------------------------------
Scheme: HDFC Large Cap Fund
Section: Minimum SIP
Source: https://groww.in/mutual-funds/hdfc-large-cap-fund-direct-growth
Last Updated: 2026-10-01

TEXT:
Minimum SIP: NAV: 30 Sep '26₹1,161.71Min. for SIP₹100Fund size (AUM)₹39,933.36 CrExpense ratio1.03%Rating4

EMBEDDING (384-dim vector):
    0.0478  -0.0159  -0.0751   0.0328  -0.0180   0.0182   0.0459   0.1059  -0.0050  -0.0100
    0.0146  -0.1366  -0.0168   0.0672  -0.0372  -0.1022  -0.0118  -0.1276   0.0388  -0.0371
    0.0452   0.0178   0.0063  -0.0155   0.0244  -0.0134   0.0199   0.0282   0.0240  -0.0693
    0.1019   0.0902   0.1152  -0.0648   0.0076  -0.0241  -0.0513   0.0014   0.0464  -0.0684
    0.0272   0.0018   0.0233  -0.0298   0.0063  -0.0018  -0.0158   0.0617   0.0132   0.0749
    0.0410  -0.0026  -0.0231  -0.0316   0.0001  -0.0119  -0.0751  -0.0158   0.0373   0.0202
    0.0098   0.0295  -0.0342  -0.0141   0.0291  -0.0405  -0.0525  -0.0039   0.0258   0.0232
    0.0018  -0.0977  -0.0236  -0.0880  -0.0339  -0.0113   0.0380  -0.0058  -0.0665   0.0360
   -0.0320  -0.0467   0.0290   0.0423   0.0310  -0.0213   0.0593  -0.0481  -0.0201  -0.0204
    0.0634   0.1558  -0.0241   0.0227  -0.0195   0.0238   0.0001  -0.0377  -0.0426   0.0561
    0.0457   0.1070  -0.0566  -0.0306  -0.0184  -0.0100   0.0388   0.0219   0.0338   0.0239
   -0.0257   0.0596   0.0085  -0.0544  -0.0204   0.0428  -0.0649  -0.0941   0.0808   0.0592
   -0.0577   0.0458   0.0080  -0.0640  -0.0047  -0.0188   0.0517   0.0000  -0.1058   0.0278
   -0.0793  -0.0137  -0.0165   0.0022   0.0240  -0.0103  -0.0497  -0.0661  -0.0323  -0.0354
   -0.0246  -0.0342   0.0016  -0.0312   0.0328  -0.0165  -0.0366  -0.0541  -0.0633  -0.0493
    0.0091  -0.0068   0.0718  -0.0095   0.0025  -0.0522   0.1314   0.0385   0.0489   0.0379
   -0.0434   0.0050  -0.0644   0.0525   0.0087  -0.0095  -0.1274  -0.0568   0.0121   0.0959
    0.0295  -0.0145  -0.0591   0.0117   0.0297   0.0277   0.0190   0.0359  -0.1089  -0.0108
   -0.0202   0.0235  -0.0191  -0.0431  -0.0435  -0.0429  -0.0140  -0.0493   0.0250  -0.0099
   -0.0875  -0.0284   0.0118   0.0471  -0.0353  -0.1048   0.0618  -0.0346  -0.0353   0.0132
    0.1182   0.0284   0.0214   0.0201   0.0664   0.0141  -0.0092   0.0706  -0.0145   0.0245
    0.0606  -0.0052   0.0917  -0.0663   0.0189   0.0423   0.0195   0.0298  -0.0357  -0.0149
    0.0112  -0.0058  -0.0115  -0.0000  -0.0004   0.0055  -0.0127   0.0557   0.0170   0.0280
    0.0787   0.0806   0.0463  -0.0388   0.0147   0.0580   0.1068  -0.0204  -0.0083   0.0465
    0.0375   0.0143   0.0482  -0.0127   0.0193   0.0647   0.0697   0.0668  -0.0138   0.0538
    0.0313  -0.0520  -0.0893  -0.0135   0.0148  -0.0243  -0.0683   0.1150  -0.1403  -0.0511
   -0.0105   0.0378   0.0027   0.1160   0.0586   0.0181  -0.0602  -0.0931   0.0324  -0.0864
    0.0301  -0.0260   0.0143  -0.0871   0.0353  -0.0382   0.0300   0.0739   0.0824   0.0208
    0.0456  -0.0096   0.0367  -0.0662   0.0692   0.1149  -0.0250  -0.0431   0.0377  -0.0190
   -0.0678   0.0319   0.0492  -0.0426  -0.0222  -0.0280   0.0909   0.0162  -0.0072   0.0177
   -0.0322  -0.0111   0.0449  -0.0016  -0.0244   0.1050   0.0083   0.0039   0.0454  -0.0159
    0.0453  -0.0860   0.0863   0.0499  -0.0588  -0.0185   0.0415  -0.0062  -0.0039  -0.0000
   -0.0053  -0.0267  -0.0005   0.0633   0.0589   0.0322  -0.0461  -0.0343  -0.0244   0.0694
    0.0860  -0.0379  -0.0683   0.0100  -0.0725  -0.0032   0.0019   0.0766  -0.0347  -0.0925
    0.0047   0.0308   0.0215   0.0412  -0.0041  -0.0126   0.0280   0.0251  -0.0591  -0.0880
   -0.0305   0.0633   0.0430  -0.0116  -0.1058   0.0144   0.0236   0.0404  -0.1172   0.0789
    0.0010  -0.1946  -0.0813  -0.0734  -0.0564   0.0489  -0.0307  -0.0013  -0.0078  -0.0652
    0.0620  -0.0082   0.0325   0.0106   0.0189  -0.0358  -0.0658  -0.0063  -0.0585  -0.0962
    0.0650   0.0460  -0.0284   0.0162

--------------------------------------------------------------------------------
CHUNK 4
--------------------------------------------------------------------------------
Scheme: HDFC Large Cap Fund
Section: Lock-in Period
Source: https://groww.in/mutual-funds/hdfc-large-cap-fund-direct-growth
Last Updated: 2026-10-01

TEXT:
Lock-in Period: HDFC ELSS Tax Saver Fund Direct Plan Growth

EMBEDDING (384-dim vector):
   -0.0282  -0.0306  -0.0247  -0.0215   0.1031   0.1048  -0.0008  -0.0054  -0.0462   0.0421
    0.0199   0.0034  -0.0832  -0.1214  -0.0070  -0.0289  -0.0959  -0.0520   0.0325   0.0013
    0.0957  -0.0420  -0.0538   0.0333   0.0879  -0.0792   0.0119   0.0661  -0.0060  -0.0256
    0.0422   0.0729  -0.0208  -0.0193   0.0541   0.0249  -0.0253   0.0395  -0.0384  -0.0601
    0.0111  -0.0441  -0.0735  -0.0533   0.0151  -0.0458  -0.0119   0.0284  -0.0489   0.0272
    0.0172   0.0417   0.0158  -0.0192   0.0373  -0.0181   0.0322   0.0093   0.0082  -0.0299
   -0.0910  -0.0597   0.0359  -0.0593  -0.0295   0.0639   0.0103  -0.0186  -0.0379  -0.0078
   -0.0805  -0.0660  -0.0853  -0.0441  -0.0123   0.0067   0.0166   0.0609   0.0601  -0.1201
   -0.0081   0.0253  -0.0170   0.0344  -0.0337  -0.0290   0.0671  -0.0903   0.0438  -0.0501
    0.0510   0.0508   0.0379   0.0269  -0.1028  -0.0387  -0.0125  -0.0528  -0.0287   0.0104
    0.0694   0.0684   0.0207  -0.0659  -0.0130  -0.0425   0.0300   0.0438   0.0316  -0.0560
    0.0263   0.0697   0.0348   0.0029  -0.0026  -0.0058  -0.0848  -0.1021   0.1164  -0.0490
    0.0949   0.0506  -0.0305  -0.0681  -0.0286  -0.0740  -0.0110   0.0000  -0.0344   0.0286
   -0.0201  -0.0440  -0.0611  -0.0597   0.0362   0.0496  -0.0463   0.0601   0.0060  -0.0039
    0.0149   0.0041   0.0005  -0.1183   0.0150   0.0812   0.0483   0.0380   0.0328   0.0010
    0.0823  -0.1331   0.1021  -0.0343  -0.0167  -0.0632   0.0040   0.0717   0.0140   0.0666
   -0.0094   0.0110  -0.0841   0.0168   0.0413  -0.0356  -0.0037  -0.0331  -0.0130   0.0790
    0.0661  -0.0273  -0.0334  -0.0237   0.0788   0.0127   0.0146   0.0646  -0.0415  -0.0586
    0.0159  -0.0616   0.0419   0.0032  -0.0761  -0.0303   0.0301   0.0176   0.0560  -0.0394
   -0.0873   0.0306  -0.0782   0.0735   0.0514  -0.0801   0.0262  -0.0239   0.0046   0.0093
    0.0330  -0.0471  -0.0231  -0.0387  -0.0337   0.1208  -0.0036   0.0307   0.0710  -0.0082
    0.0029  -0.0464   0.0879   0.0013   0.0695   0.1120  -0.0410  -0.0678   0.0158  -0.0483
    0.0991   0.0277  -0.0296  -0.0000   0.0004   0.0044   0.0353   0.0141   0.0549   0.0485
    0.0221  -0.0155  -0.0204   0.0061   0.0785   0.0189   0.0209   0.0041  -0.0042  -0.1039
    0.0667  -0.0558  -0.0420  -0.0504   0.0211  -0.0225  -0.0529   0.1087  -0.0305   0.0093
   -0.1340   0.0634  -0.0225   0.0257  -0.0611  -0.0226  -0.0652  -0.0122   0.0390  -0.0934
   -0.0360   0.0284  -0.0329   0.0538   0.0030  -0.0310  -0.0182  -0.0273   0.0371   0.0099
    0.0043   0.0123   0.0225   0.0721  -0.0336  -0.0429   0.0275   0.0015  -0.0343   0.0622
    0.1063  -0.0208  -0.0771   0.0082   0.0226   0.0651   0.0093   0.0879   0.0612   0.0007
   -0.0069  -0.1578   0.0657  -0.0823   0.0421  -0.0417   0.0028   0.0150  -0.0297   0.0298
    0.0058  -0.0443  -0.0011   0.0283   0.0080   0.0007  -0.0293   0.0315  -0.0402  -0.0383
   -0.0248  -0.1236  -0.0088  -0.0103  -0.0835  -0.0654  -0.0014   0.0468   0.0246  -0.0000
    0.0464   0.0659  -0.0297   0.0403   0.0406  -0.0800   0.0236   0.0092  -0.0010   0.0560
    0.1064   0.0693   0.0203  -0.0449  -0.0290  -0.0278   0.0351   0.1086  -0.0423   0.0048
    0.1086   0.0367  -0.0057  -0.0000   0.0338   0.0049   0.0599   0.0566   0.0838   0.0139
    0.0520  -0.0097   0.0215   0.0613  -0.0780   0.0637  -0.0757   0.0423   0.0830   0.0422
    0.0465  -0.0370  -0.0122  -0.0649  -0.0571   0.0404  -0.0845  -0.0452  -0.0063  -0.0608
   -0.0115   0.0022   0.0626  -0.0005   0.0624  -0.0026  -0.0338  -0.0103   0.0115  -0.0178
    0.0497  -0.0696  -0.0040   0.0792

--------------------------------------------------------------------------------
CHUNK 5
--------------------------------------------------------------------------------
Scheme: HDFC Large Cap Fund
Section: Asset Allocation
Source: https://groww.in/mutual-funds/hdfc-large-cap-fund-direct-growth
Last Updated: 2026-10-01

TEXT:
Asset Allocation: HDFC Multi Asset Allocation Fund Direct Growth

EMBEDDING (384-dim vector):
    0.0870  -0.1007  -0.0816  -0.0111   0.0782   0.0495   0.0290  -0.0134  -0.0305   0.0210
   -0.0298  -0.0462  -0.0433  -0.0234  -0.0157  -0.0103  -0.0646  -0.0173   0.0226   0.0048
    0.0520  -0.0600   0.0056  -0.0411   0.0940  -0.0364  -0.0274   0.0280  -0.0300  -0.0277
    0.0434   0.0739   0.0084   0.0042   0.0332   0.0662  -0.0748   0.0189  -0.0384  -0.0273
    0.0420  -0.0127  -0.0285  -0.0712   0.0643  -0.0256  -0.0366   0.0769   0.0555  -0.0570
   -0.0001  -0.0019  -0.0105   0.0119  -0.0107   0.0998  -0.0143  -0.0125   0.0631   0.0105
   -0.0490  -0.0166   0.0998  -0.0617   0.0745  -0.0104   0.0322   0.0491  -0.0369  -0.0000
   -0.0582  -0.0357  -0.0911  -0.0923  -0.0230   0.0070   0.0340   0.0449   0.0819  -0.1101
   -0.0273   0.0157   0.0593  -0.0111  -0.0232  -0.0135   0.0028  -0.1187  -0.0403  -0.0471
    0.0454   0.0252   0.0460   0.0880  -0.0670  -0.0357  -0.0553  -0.0648  -0.0532   0.0341
    0.0279  -0.0014   0.0173  -0.0491  -0.0293  -0.0629   0.0126   0.0269   0.0443  -0.0413
   -0.0010   0.0928  -0.0389  -0.0334  -0.0536   0.0172  -0.0410  -0.1218   0.0032  -0.0341
    0.0530  -0.0246  -0.0042   0.0174  -0.0312  -0.0488  -0.0660   0.0000  -0.0636  -0.0369
    0.0201   0.0262  -0.1163  -0.0701   0.0041  -0.0209  -0.0657   0.0135   0.0452   0.1147
   -0.0399   0.0038   0.0188  -0.1117   0.0228   0.1805   0.1069   0.0152  -0.0195   0.0998
    0.0426  -0.1406   0.1221  -0.0121  -0.0053  -0.0538   0.0223   0.0703   0.0144  -0.0414
   -0.0559  -0.0277  -0.0773  -0.0221  -0.0625   0.0002  -0.0492   0.0335   0.0024   0.0489
    0.0036  -0.0528  -0.0559   0.0498   0.1371   0.0326  -0.0635   0.0150  -0.0355  -0.0430
    0.0550   0.0021   0.0562   0.0134  -0.0701  -0.0039   0.0112  -0.0031  -0.0306  -0.0620
   -0.1269   0.0750  -0.0699   0.0893   0.0623  -0.0020   0.0584  -0.0027   0.0087  -0.0060
    0.0611   0.0252  -0.0167  -0.0545  -0.0213   0.1241  -0.0399   0.0327   0.0156   0.0659
    0.0482   0.0043  -0.0002   0.0202   0.0489   0.0086  -0.0663  -0.0600  -0.0028  -0.0602
    0.1041  -0.0340   0.0117  -0.0000  -0.0168   0.0484  -0.0261  -0.0202   0.0386   0.0093
    0.0026  -0.0398   0.0027  -0.0064   0.0673   0.0159  -0.0142  -0.0553  -0.0521  -0.0471
    0.0423  -0.0551  -0.0242  -0.0729   0.0014  -0.0289   0.0716   0.0505  -0.0193   0.0408
   -0.0669   0.0524   0.0108   0.0184  -0.0157  -0.0122  -0.0465   0.0391   0.0224  -0.0905
   -0.0028   0.0290  -0.0234   0.0536  -0.0002  -0.0215   0.0418  -0.0328   0.0402   0.0063
    0.0064   0.0592   0.1178   0.0062  -0.0196  -0.0295   0.0136  -0.0196  -0.0844   0.0621
    0.1022   0.0491   0.0037  -0.0046   0.0168   0.0255   0.0135   0.0897  -0.0227   0.0366
   -0.0655  -0.1146   0.0057  -0.0737   0.0654   0.0249   0.0465   0.0406  -0.0407   0.0958
    0.0364  -0.0105   0.0625   0.0601  -0.0364   0.0158  -0.0239   0.0649  -0.0503  -0.0416
    0.0223  -0.1168  -0.0491  -0.0152  -0.0491  -0.0467   0.0514   0.0159  -0.0438  -0.0000
    0.0327  -0.0094   0.0037  -0.0308  -0.0364  -0.0904  -0.0083  -0.0054   0.0695   0.0602
    0.0486   0.0395   0.0186  -0.0358  -0.0411  -0.0540  -0.0301   0.0604  -0.0483  -0.0473
    0.1085   0.0398   0.0649   0.0357   0.0643  -0.0249   0.0258  -0.0508   0.0058   0.0329
    0.0635   0.0080   0.0316   0.0540   0.0302   0.0883  -0.0222   0.0498  -0.0151   0.0337
    0.0229  -0.0588   0.0379  -0.0570   0.0101  -0.0054  -0.0608  -0.0142   0.0637  -0.0922
   -0.0109   0.0063  -0.0226   0.0117   0.0401   0.0240  -0.0268   0.0045   0.0072  -0.0126
    0.0368  -0.0979  -0.0738   0.0867

--------------------------------------------------------------------------------
CHUNK 6
--------------------------------------------------------------------------------
Scheme: HDFC Equity Fund (Flexi Cap)
Section: Expense Ratio
Source: https://groww.in/mutual-funds/hdfc-equity-fund-direct-growth
Last Updated: 2026-10-01

TEXT:
Expense Ratio: ICICI Bank LtdFinancialEquity9.19%Axis Bank LtdFinancialEquity6.19%HDFC Bank LtdFinancialEquity5.71%State Bank of IndiaFinancialEquity4.16%Zomato LtdTechnologyEquity3.39%Kotak Mahindra Bank LtdFinancialEquity3.27%SBI Life Insurance Company LtdFinancialEquity3.19%Larsen & Toubro LtdIndustrialsEquity3.16%Interglobe Aviation LtdIndustrialsEquity2.98%Maruti Suzuki India LtdConsumer DiscretionaryEquity2.74%Bharti Airtel LtdTechnologyEquity2.58%RepoUnspecifiedRepo2.55%HCL Technologies LtdTechnologyEquity2.48%Cipla LtdHealthcareEquity2.47%Eicher Motors LtdConsumer DiscretionaryEquity2.44%Power Grid Corporation of India LtdEnergy & UtilitiesEquity2.04%Hyundai Motor India Ltd.Consumer DiscretionaryEquity1.75%Nexus Select TrustIndustrialsReal Estate Investment Trusts1.62%Divi's Laboratories LtdHealthcareEquity1.58%PB Fintech LtdFinancialEquity1.52%Max Healthcare Institute LtdHealthcareEquity1.49%JSW Steel LtdMaterialsEquity1.45%Piramal Pharma LtdHealthcareEquity1.44%Reliance Industries LtdEnergy & UtilitiesEquity1.44%Bosch LtdConsumer DiscretionaryEquity1.34%Persistent Systems LtdTechnologyEquity1.34%Lupin LtdHealthcareEquity0.94%Varroc Engineering LtdConsumer DiscretionaryEquity0.88%Tata Steel LtdMaterialsEquity0.88%Ultratech Cement LtdMaterialsEquity0.87%TVS Motor Company LtdConsumer DiscretionaryEquity0.85%Aster DM Healthcare LtdHealthcareEquity0.81%United Spirits LtdConsumer StaplesEquity0.75%FSN E-Commerce Ventures LtdConsumer DiscretionaryEquity0.75%Dr.

EMBEDDING (384-dim vector):
    0.0349  -0.0345  -0.0784   0.0357   0.0594   0.0086   0.1028   0.0529   0.0369  -0.0708
   -0.0016  -0.1013   0.0420  -0.0008  -0.0265  -0.0612   0.0458  -0.0426  -0.0547   0.0443
    0.0067  -0.0263   0.0263  -0.0359   0.0166  -0.0561   0.0197   0.1134  -0.0437  -0.0778
   -0.0894   0.0960  -0.0381  -0.0374   0.0710  -0.0427  -0.0418  -0.0022   0.0317  -0.0738
   -0.0151  -0.0007  -0.0538  -0.0696   0.0380  -0.0347  -0.0198   0.0142   0.0101   0.0879
   -0.0234   0.0262   0.0473  -0.0627  -0.0490  -0.0820  -0.0507  -0.0346   0.0451  -0.0201
   -0.0414   0.0224   0.0133   0.0156  -0.0069   0.0135  -0.0070   0.0251  -0.0586  -0.0218
   -0.0422  -0.0924   0.0024  -0.0092  -0.0931   0.0397   0.1118   0.0430  -0.0206  -0.0761
    0.0071  -0.0155   0.0216   0.0456  -0.0408  -0.0102   0.0095  -0.0563   0.0150   0.0104
    0.0586   0.0617   0.0353  -0.0066   0.0347  -0.0274  -0.0851   0.0008   0.0118  -0.0048
    0.0398   0.0348   0.0348  -0.0135  -0.1165  -0.0255   0.0517   0.0636   0.1194  -0.0143
   -0.0248   0.0045  -0.0207  -0.0688   0.0206   0.0072  -0.0750  -0.0017   0.1207   0.0255
    0.0326   0.0473  -0.0097  -0.0505  -0.0007  -0.0407  -0.0650   0.0000  -0.0689   0.0711
    0.0544  -0.0456  -0.0820   0.0062  -0.0430   0.0843   0.0144  -0.0099  -0.0765   0.0256
   -0.0514  -0.0771   0.0480   0.0084  -0.0215   0.0062  -0.0068  -0.0054  -0.0319  -0.0023
    0.1072   0.0018   0.0734  -0.0199   0.0582   0.0206  -0.0091   0.0391   0.0508  -0.0064
   -0.0255  -0.0138  -0.0595  -0.0202  -0.0369   0.0217  -0.0793   0.0379  -0.0594  -0.0303
   -0.0648  -0.0206  -0.0492  -0.0373   0.0829   0.0215   0.0537  -0.0285  -0.1507   0.0139
   -0.0714  -0.0296   0.0506  -0.0130  -0.0071  -0.0278   0.0182   0.0359  -0.0968  -0.0107
   -0.0532  -0.0502   0.0344   0.0309   0.0369  -0.0240  -0.0313  -0.0149  -0.0211  -0.0701
    0.0537   0.1179   0.0171   0.0003  -0.0334   0.0259   0.0438   0.0165  -0.0718   0.0346
    0.0166  -0.0510   0.0550  -0.0293   0.1190  -0.0750  -0.0300  -0.0311   0.0198  -0.0259
    0.0076  -0.0024  -0.0125  -0.0000   0.0111   0.0558   0.0294   0.0123  -0.0682  -0.0011
    0.0148  -0.0475   0.0574   0.0738  -0.0270   0.0480  -0.0088  -0.0624   0.0409  -0.0215
    0.0182  -0.0197  -0.0245  -0.0387   0.0194   0.0378   0.0631   0.0211  -0.0427   0.0522
   -0.1031   0.0106   0.0414   0.0547  -0.0057  -0.0391  -0.0341   0.0806  -0.0871  -0.0769
   -0.0067   0.0199  -0.0097   0.0630  -0.0056  -0.0359  -0.0172   0.0187   0.0065  -0.1301
    0.0288  -0.1134   0.1070  -0.0537   0.0515   0.0137  -0.0837   0.0597  -0.0415   0.0509
    0.0425   0.0220  -0.0535  -0.0958   0.1133   0.0757   0.0562   0.0638   0.0331  -0.0846
    0.0758  -0.0226   0.0842  -0.1061  -0.0331  -0.0539  -0.0141  -0.0260  -0.0149   0.0750
   -0.0040  -0.0503   0.0160  -0.0276   0.0873  -0.0069  -0.0358   0.0613  -0.0826  -0.0723
    0.0347  -0.0319   0.0506   0.0326  -0.0259  -0.0117   0.0627   0.0617  -0.0628  -0.0000
    0.0074  -0.0300   0.0241  -0.0140   0.0650  -0.0313  -0.0502   0.0532  -0.0454   0.0740
    0.0565  -0.0056  -0.0538  -0.0158  -0.0924  -0.0664  -0.0291   0.1103   0.0066  -0.0013
   -0.0018   0.0368  -0.0637  -0.0325   0.0279  -0.0806  -0.0566  -0.0543   0.0449   0.0163
   -0.0685  -0.0072   0.0872  -0.1427  -0.0236   0.0234   0.0322   0.0149   0.0124   0.0379
   -0.0085  -0.0690  -0.0087   0.0070   0.0764  -0.0693  -0.1052  -0.0205   0.0061  -0.1233
   -0.0334  -0.0151  -0.0128   0.0378  -0.0237   0.0200  -0.0809   0.0281  -0.0410   0.0392
    0.0423  -0.0031  -0.0025  -0.0598

--------------------------------------------------------------------------------
CHUNK 7
--------------------------------------------------------------------------------
Scheme: HDFC Equity Fund (Flexi Cap)
Section: Expense Ratio
Source: https://groww.in/mutual-funds/hdfc-equity-fund-direct-growth
Last Updated: 2026-10-01

TEXT:
Lal Pathlabs LtdHealthcareEquity0.71%Lenskart Solutions Ltd.Consumer DiscretionaryEquity0.70%Britannia Industries LtdConsumer StaplesEquity0.70%Apollo Hospitals Enterprise LtdHealthcareEquity0.68%Bharat Electronics LtdIndustrialsEquity0.62%Anthem Biosciences Ltd.HealthcareEquity0.61%ACME Solar Holdings Ltd.Energy & UtilitiesEquity0.57%Vishal Mega Mart Ltd.Consumer StaplesEquity0.57%Embassy Office Parks REITReal EstateReal Estate Investment Trusts0.57%Kalpataru Power Transmission LtdIndustrialsEquity0.56%Craftsman Automation LtdConsumer DiscretionaryEquity0.56%JSW Infrastructure LtdIndustrialsEquity0.55%Havells India LtdConsumer DiscretionaryEquity0.54%Infosys LtdTechnologyEquity0.54%Neuland Laboratories LtdHealthcareEquity0.52%Adani Enterprises LtdMaterialsEquity0.51%NUVOCO Vistas Corp LtdMaterialsEquity0.49%Prestige Estates Projects LtdReal EstateEquity0.48%HEXAWARE TECHNOLOGIES LIMITED EQ NEW FV RS.2/-TechnologyEquity0.48%Bajaj Auto LtdConsumer DiscretionaryEquity0.46%Ashok Leyland LtdIndustrialsEquity0.46%ICICI Prudential Asset Management Company Ltd.FinancialEquity0.46%BSE LtdFinancialEquity0.45%CORONA Remedies Ltd.HealthcareEquity0.42%Sapphire Foods India LtdConsumer DiscretionaryEquity0.41%Nippon Life India Asset Management LtdFinancialEquity0.38%SBI Funds Management LtdFinancialEquity0.38%Mahindra CIE Automotive LtdConsumer DiscretionaryEquity0.34%Metropolis Healthcare LtdHealthcareEquity0.33%Escorts Kubota LtdIndustrialsEquity0.32%Dixon Technologies (India) LtdConsumer DiscretionaryEquity0.32%The Ramco Cements LtdMaterialsEquity0.31%Crompton Greaves Consumer Electricals LtdConsumer DiscretionaryEquity0.30%Restaurant Brands Asia LtdConsumer DiscretionaryEquity0.29%Life Insurance Corporation of IndiaFinancialEquity0.29%Swiggy Ltd.TechnologyEquity0.27%Biocon LtdHealthcareEquity0.26%Apar Industries LtdDiversifiedEquity0.26%Oil & Natural Gas Corporation LtdEnergy & UtilitiesEquity0.26%GOVERNMENT OF INDIA 31719 GOI 20JU27 7.38 FV RS 100EntitiesGOI Securities0.26%JK Lakshmi Cement LtdMaterialsEquity0.23%Ather Energy Ltd.Consumer DiscretionaryEquity0.23%Hindustan Petroleum Corporation LtdEnergy & UtilitiesEquity0.23%Rubicon Research Ltd.HealthcareEquity0.21%Diamond Power Infrastructure LtdIndustrialsEquity0.21%ABB India LtdIndustrialsEquity0.12%Tenneco Clean Air India Ltd.Consumer DiscretionaryEquity0.10%GOVERNMENT OF INDIA 33618 GOI 13NV30 7.32 FV RS 100EntitiesGOI Securities0.10%7.37% GOI CG 23-10-2028EntitiesGOI Securities0.09%Bank Of BarodaFinancialEquity0.08%Dixon Technologies (India) LimitedConsumer DiscretionaryFutures0.03%Net PayablesUnspecifiedNet Payables-0.08%

EMBEDDING (384-dim vector):
    0.0467  -0.1068  -0.0381  -0.0123  -0.0008  -0.0196   0.0384   0.0397  -0.0109  -0.0675
    0.0539  -0.0946   0.0419   0.0107   0.0183  -0.0451   0.0757  -0.0427  -0.0387  -0.0054
    0.0117   0.0055  -0.0005  -0.1083   0.0196  -0.0186  -0.0446  -0.0080  -0.0559  -0.1412
   -0.0455   0.0995  -0.0198   0.0111   0.1016   0.0197  -0.0486  -0.0044  -0.0021  -0.0610
    0.0004  -0.1134  -0.0139  -0.0459  -0.0292  -0.0585  -0.0462  -0.0557   0.0345   0.0691
   -0.0550   0.0260   0.0112  -0.0100  -0.0437  -0.0578  -0.0229  -0.0253   0.0192  -0.0260
    0.0075   0.0016  -0.0528   0.0547  -0.0399  -0.0101  -0.0360   0.0043  -0.0561  -0.0992
   -0.0241  -0.0668   0.0204   0.0345  -0.0424   0.0526   0.0746  -0.0253   0.0208  -0.1177
   -0.0272   0.0043  -0.0159   0.0737  -0.0486  -0.0012   0.0115   0.0162   0.0333  -0.0328
    0.0820   0.0204  -0.0086   0.0297  -0.0230  -0.0220  -0.0474  -0.0233  -0.0489   0.0202
   -0.0047   0.0097  -0.0186  -0.0201  -0.1336  -0.0907  -0.0181   0.0506   0.0835   0.0100
   -0.0502   0.0440  -0.0256  -0.0588  -0.0177  -0.0530  -0.0544  -0.0436   0.1243  -0.0466
    0.0095   0.0654  -0.0355  -0.0322  -0.0586  -0.0147  -0.0052   0.0000  -0.0450   0.0812
    0.0753  -0.0289  -0.0406  -0.0094  -0.0420   0.0858  -0.0044  -0.0365  -0.0717   0.0636
   -0.0310   0.0157   0.0242   0.0245  -0.0108   0.0360  -0.0540  -0.0127  -0.0095   0.0323
    0.0433   0.0492   0.0244  -0.0377   0.0023   0.0215   0.0094   0.0646   0.0399   0.0000
   -0.0481  -0.0236  -0.0555   0.0648  -0.0606  -0.0328  -0.0403  -0.0229  -0.0419   0.0410
   -0.0331   0.0045  -0.0109   0.0195   0.0557   0.0000   0.0224   0.0421  -0.1011   0.0451
   -0.0730   0.0134   0.0353   0.0338  -0.0328  -0.0019   0.0541   0.0044  -0.0791   0.0516
   -0.0588  -0.0573   0.0039   0.0176   0.0812  -0.0182  -0.0228   0.0190  -0.0437  -0.0145
    0.0434   0.0268   0.0279   0.0143  -0.0396   0.0754   0.0301  -0.0358  -0.0477   0.0490
    0.0102  -0.0243   0.1224  -0.0247   0.0970  -0.0266  -0.0609  -0.0736  -0.0230   0.0081
   -0.0100   0.0423  -0.0888  -0.0000  -0.0320  -0.0154   0.0250   0.0493   0.0149   0.0365
    0.0403  -0.0132   0.0783   0.0721  -0.0062   0.0531  -0.0028  -0.0803   0.0038  -0.0384
   -0.0319  -0.0050  -0.0466   0.0395  -0.0088   0.0913  -0.0255   0.1013  -0.0068   0.0654
   -0.1377   0.0118   0.0001   0.0052   0.0063  -0.0257  -0.0876   0.0801  -0.0974  -0.0700
    0.0600   0.0379  -0.0225   0.1072   0.0091  -0.0582  -0.0157   0.0523  -0.0629  -0.1414
    0.0359  -0.1400   0.0624  -0.0310   0.0406   0.0734  -0.0632   0.0747  -0.0190   0.0386
    0.0236   0.0164  -0.1001  -0.0923   0.0531   0.1210   0.0480   0.0624   0.0846  -0.0449
    0.0758  -0.0127  -0.0243  -0.0878   0.0326  -0.0239  -0.0284  -0.1254   0.0012   0.0210
    0.0538  -0.0894  -0.0341   0.0163   0.0674  -0.0170   0.0213   0.0696   0.0006  -0.0354
    0.0249  -0.0370   0.0333   0.0453  -0.0664  -0.0152   0.0143   0.0256  -0.0027  -0.0000
   -0.0008   0.0577   0.0177   0.0320   0.0274  -0.0367  -0.0168   0.1212  -0.0294   0.0389
    0.0862  -0.0352  -0.1107  -0.0064  -0.0207  -0.0295  -0.0441   0.0890  -0.0291   0.0203
    0.0005   0.0346   0.0290  -0.0405   0.0020  -0.0225  -0.0279  -0.0920   0.0762   0.0376
   -0.0615  -0.0252   0.0814  -0.0830  -0.0132  -0.0140   0.0478  -0.0190   0.0084   0.0344
    0.0064  -0.0538  -0.0404   0.0450   0.0608  -0.0047  -0.0400   0.0071   0.0496  -0.0714
   -0.0671  -0.0289  -0.0074  -0.0352  -0.0937   0.0025  -0.0841   0.0128  -0.0093   0.0683
    0.1121  -0.0714   0.0237  -0.0028

--------------------------------------------------------------------------------
CHUNK 8
--------------------------------------------------------------------------------
Scheme: HDFC Equity Fund (Flexi Cap)
Section: Benchmark
Source: https://groww.in/mutual-funds/hdfc-equity-fund-direct-growth
Last Updated: 2026-10-01

TEXT:
Benchmark: ICICI Bank LtdFinancialEquity9.19%Axis Bank LtdFinancialEquity6.19%HDFC Bank LtdFinancialEquity5.71%State Bank of IndiaFinancialEquity4.16%Zomato LtdTechnologyEquity3.39%Kotak Mahindra Bank LtdFinancialEquity3.27%SBI Life Insurance Company LtdFinancialEquity3.19%Larsen & Toubro LtdIndustrialsEquity3.16%Interglobe Aviation LtdIndustrialsEquity2.98%Maruti Suzuki India LtdConsumer DiscretionaryEquity2.74%Bharti Airtel LtdTechnologyEquity2.58%RepoUnspecifiedRepo2.55%HCL Technologies LtdTechnologyEquity2.48%Cipla LtdHealthcareEquity2.47%Eicher Motors LtdConsumer DiscretionaryEquity2.44%Power Grid Corporation of India LtdEnergy & UtilitiesEquity2.04%Hyundai Motor India Ltd.Consumer DiscretionaryEquity1.75%Nexus Select TrustIndustrialsReal Estate Investment Trusts1.62%Divi's Laboratories LtdHealthcareEquity1.58%PB Fintech LtdFinancialEquity1.52%Max Healthcare Institute LtdHealthcareEquity1.49%JSW Steel LtdMaterialsEquity1.45%Piramal Pharma LtdHealthcareEquity1.44%Reliance Industries LtdEnergy & UtilitiesEquity1.44%Bosch LtdConsumer DiscretionaryEquity1.34%Persistent Systems LtdTechnologyEquity1.34%Lupin LtdHealthcareEquity0.94%Varroc Engineering LtdConsumer DiscretionaryEquity0.88%Tata Steel LtdMaterialsEquity0.88%Ultratech Cement LtdMaterialsEquity0.87%TVS Motor Company LtdConsumer DiscretionaryEquity0.85%Aster DM Healthcare LtdHealthcareEquity0.81%United Spirits LtdConsumer StaplesEquity0.75%FSN E-Commerce Ventures LtdConsumer DiscretionaryEquity0.75%Dr.

EMBEDDING (384-dim vector):
    0.0212  -0.0559  -0.0837   0.0176   0.0194   0.0026   0.0523   0.0773   0.0161  -0.0556
   -0.0093  -0.0637   0.0626  -0.0264   0.0045  -0.0659   0.0839  -0.0621  -0.0410  -0.0074
   -0.0103  -0.0546   0.0198  -0.0502   0.0573  -0.0849  -0.0099   0.0969  -0.0426  -0.0877
   -0.1217   0.1012  -0.0110  -0.0348   0.0323  -0.0632  -0.0027  -0.0365   0.0569  -0.0763
    0.0189  -0.0502  -0.0551  -0.0553   0.0621  -0.0335   0.0264   0.0244  -0.0095   0.0772
   -0.0667   0.0052   0.0539  -0.0461  -0.0568  -0.0631  -0.0319  -0.0292   0.0623  -0.0210
   -0.0162  -0.0173  -0.0037   0.0134   0.0003  -0.0098  -0.0111  -0.0122   0.0005  -0.0319
   -0.0336  -0.0929   0.0312   0.0147  -0.0810   0.0304   0.0629  -0.0059  -0.0107  -0.1227
    0.0069  -0.0700  -0.0154   0.0546  -0.0254  -0.0113   0.0384  -0.0093   0.0081  -0.0047
    0.0635   0.1209   0.0329   0.0153   0.0140  -0.0287  -0.0864  -0.0023   0.0220   0.0229
    0.0400   0.0525  -0.0348   0.0150  -0.0800  -0.0371   0.0365   0.0495   0.0899  -0.0395
   -0.0292  -0.0007   0.0028  -0.0806  -0.0082  -0.0071  -0.0794  -0.0017   0.0965   0.0243
    0.0332   0.0199  -0.0080  -0.0576  -0.0052   0.0633  -0.0228   0.0000  -0.0375   0.0914
    0.0630  -0.0729  -0.0976  -0.0105  -0.0646   0.0641  -0.0110   0.0143  -0.0843   0.0007
   -0.0202  -0.0377   0.0436   0.0044  -0.0185  -0.0176  -0.0161   0.0509  -0.0036  -0.0105
    0.0521  -0.0310   0.1141  -0.0029   0.0481   0.0313  -0.0287   0.0434   0.0685  -0.0385
   -0.0643  -0.0151  -0.0385  -0.0229  -0.0437  -0.0049  -0.0746   0.0211  -0.0429   0.0021
   -0.1089  -0.0156  -0.0471  -0.0082  -0.0111   0.0132   0.0527  -0.0364  -0.1261   0.0589
   -0.0630  -0.0211   0.0353   0.0131  -0.0105  -0.0236   0.0427   0.0819  -0.1148  -0.0155
   -0.0800  -0.0605   0.0068   0.0916   0.0302  -0.0173  -0.0040  -0.0006   0.0114  -0.0627
    0.0535   0.0658   0.0414  -0.0297  -0.0146   0.0450   0.0317  -0.0029  -0.0689   0.0718
    0.0040  -0.0514   0.0681  -0.0180   0.0706  -0.0633  -0.0283  -0.0413  -0.0401  -0.0225
    0.0017   0.0311  -0.0225  -0.0000   0.0024   0.0336   0.0098   0.0573  -0.0501  -0.0105
    0.0008  -0.0470   0.0604   0.0802   0.0453   0.0503  -0.0020  -0.0528   0.0395   0.0188
   -0.0049  -0.0554   0.0037  -0.0263   0.0649  -0.0008   0.0312   0.0773  -0.0035   0.0498
   -0.1159  -0.0363   0.0232  -0.0171  -0.0070  -0.0376  -0.0189   0.0560  -0.0908  -0.0503
    0.0252  -0.0227  -0.0148   0.0797  -0.0112  -0.0073  -0.0100   0.0020   0.0019  -0.0521
    0.0309  -0.0759   0.0896  -0.0054   0.0588   0.0442  -0.0711   0.0860  -0.0122   0.0193
   -0.0025   0.0129  -0.0645  -0.0484   0.1316   0.0598   0.0254   0.1075   0.0355  -0.0817
    0.0722  -0.0330   0.0802  -0.1088  -0.0421  -0.0506   0.0071  -0.0221  -0.0491   0.0654
    0.0188  -0.0187  -0.0115   0.0110   0.0633   0.0135  -0.0341   0.0714  -0.0611  -0.0140
    0.0272  -0.0549   0.0585   0.0201  -0.0397  -0.0001   0.0264   0.0216  -0.0532  -0.0000
    0.0196  -0.0412   0.0282  -0.0119   0.0599   0.0392  -0.0942   0.0561  -0.0420  -0.0090
    0.1034  -0.0169  -0.0995  -0.0457  -0.0808  -0.0679  -0.0288   0.1124   0.0156   0.0082
    0.0089   0.0744  -0.0468  -0.0674  -0.0016  -0.0430  -0.0393  -0.0687   0.0524   0.0393
   -0.0767  -0.0051   0.1412  -0.1671   0.0134   0.0511   0.0306   0.0544   0.0121   0.0367
    0.0279  -0.0609  -0.0263  -0.0177   0.0937  -0.0536  -0.0884   0.0091   0.0432  -0.1364
   -0.0163  -0.0493  -0.0143   0.0306  -0.0051   0.0342  -0.0878  -0.0173  -0.0291   0.0038
    0.0645  -0.0381  -0.0057  -0.0370

--------------------------------------------------------------------------------
CHUNK 9
--------------------------------------------------------------------------------
Scheme: HDFC Equity Fund (Flexi Cap)
Section: Benchmark
Source: https://groww.in/mutual-funds/hdfc-equity-fund-direct-growth
Last Updated: 2026-10-01

TEXT:
Lal Pathlabs LtdHealthcareEquity0.71%Lenskart Solutions Ltd.Consumer DiscretionaryEquity0.70%Britannia Industries LtdConsumer StaplesEquity0.70%Apollo Hospitals Enterprise LtdHealthcareEquity0.68%Bharat Electronics LtdIndustrialsEquity0.62%Anthem Biosciences Ltd.HealthcareEquity0.61%ACME Solar Holdings Ltd.Energy & UtilitiesEquity0.57%Vishal Mega Mart Ltd.Consumer StaplesEquity0.57%Embassy Office Parks REITReal EstateReal Estate Investment Trusts0.57%Kalpataru Power Transmission LtdIndustrialsEquity0.56%Craftsman Automation LtdConsumer DiscretionaryEquity0.56%JSW Infrastructure LtdIndustrialsEquity0.55%Havells India LtdConsumer DiscretionaryEquity0.54%Infosys LtdTechnologyEquity0.54%Neuland Laboratories LtdHealthcareEquity0.52%Adani Enterprises LtdMaterialsEquity0.51%NUVOCO Vistas Corp LtdMaterialsEquity0.49%Prestige Estates Projects LtdReal EstateEquity0.48%HEXAWARE TECHNOLOGIES LIMITED EQ NEW FV RS.2/-TechnologyEquity0.48%Bajaj Auto LtdConsumer DiscretionaryEquity0.46%Ashok Leyland LtdIndustrialsEquity0.46%ICICI Prudential Asset Management Company Ltd.FinancialEquity0.46%BSE LtdFinancialEquity0.45%CORONA Remedies Ltd.HealthcareEquity0.42%Sapphire Foods India LtdConsumer DiscretionaryEquity0.41%Nippon Life India Asset Management LtdFinancialEquity0.38%SBI Funds Management LtdFinancialEquity0.38%Mahindra CIE Automotive LtdConsumer DiscretionaryEquity0.34%Metropolis Healthcare LtdHealthcareEquity0.33%Escorts Kubota LtdIndustrialsEquity0.32%Dixon Technologies (India) LtdConsumer DiscretionaryEquity0.32%The Ramco Cements LtdMaterialsEquity0.31%Crompton Greaves Consumer Electricals LtdConsumer DiscretionaryEquity0.30%Restaurant Brands Asia LtdConsumer DiscretionaryEquity0.29%Life Insurance Corporation of IndiaFinancialEquity0.29%Swiggy Ltd.TechnologyEquity0.27%Biocon LtdHealthcareEquity0.26%Apar Industries LtdDiversifiedEquity0.26%Oil & Natural Gas Corporation LtdEnergy & UtilitiesEquity0.26%GOVERNMENT OF INDIA 31719 GOI 20JU27 7.38 FV RS 100EntitiesGOI Securities0.26%JK Lakshmi Cement LtdMaterialsEquity0.23%Ather Energy Ltd.Consumer DiscretionaryEquity0.23%Hindustan Petroleum Corporation LtdEnergy & UtilitiesEquity0.23%Rubicon Research Ltd.HealthcareEquity0.21%Diamond Power Infrastructure LtdIndustrialsEquity0.21%ABB India LtdIndustrialsEquity0.12%Tenneco Clean Air India Ltd.Consumer DiscretionaryEquity0.10%GOVERNMENT OF INDIA 33618 GOI 13NV30 7.32 FV RS 100EntitiesGOI Securities0.10%7.37% GOI CG 23-10-2028EntitiesGOI Securities0.09%Bank Of BarodaFinancialEquity0.08%Dixon Technologies (India) LimitedConsumer DiscretionaryFutures0.03%Net PayablesUnspecifiedNet Payables-0.08%

EMBEDDING (384-dim vector):
    0.0467  -0.1068  -0.0381  -0.0123  -0.0008  -0.0196   0.0384   0.0397  -0.0109  -0.0675
    0.0539  -0.0946   0.0419   0.0107   0.0183  -0.0451   0.0757  -0.0427  -0.0387  -0.0054
    0.0117   0.0055  -0.0005  -0.1083   0.0196  -0.0186  -0.0446  -0.0080  -0.0559  -0.1412
   -0.0455   0.0995  -0.0198   0.0111   0.1016   0.0197  -0.0486  -0.0044  -0.0021  -0.0610
    0.0004  -0.1134  -0.0139  -0.0459  -0.0292  -0.0585  -0.0462  -0.0557   0.0345   0.0691
   -0.0550   0.0260   0.0112  -0.0100  -0.0437  -0.0578  -0.0229  -0.0253   0.0192  -0.0260
    0.0075   0.0016  -0.0528   0.0547  -0.0399  -0.0101  -0.0360   0.0043  -0.0561  -0.0992
   -0.0241  -0.0668   0.0204   0.0345  -0.0424   0.0526   0.0746  -0.0253   0.0208  -0.1177
   -0.0272   0.0043  -0.0159   0.0737  -0.0486  -0.0012   0.0115   0.0162   0.0333  -0.0328
    0.0820   0.0204  -0.0086   0.0297  -0.0230  -0.0220  -0.0474  -0.0233  -0.0489   0.0202
   -0.0047   0.0097  -0.0186  -0.0201  -0.1336  -0.0907  -0.0181   0.0506   0.0835   0.0100
   -0.0502   0.0440  -0.0256  -0.0588  -0.0177  -0.0530  -0.0544  -0.0436   0.1243  -0.0466
    0.0095   0.0654  -0.0355  -0.0322  -0.0586  -0.0147  -0.0052   0.0000  -0.0450   0.0812
    0.0753  -0.0289  -0.0406  -0.0094  -0.0420   0.0858  -0.0044  -0.0365  -0.0717   0.0636
   -0.0310   0.0157   0.0242   0.0245  -0.0108   0.0360  -0.0540  -0.0127  -0.0095   0.0323
    0.0433   0.0492   0.0244  -0.0377   0.0023   0.0215   0.0094   0.0646   0.0399   0.0000
   -0.0481  -0.0236  -0.0555   0.0648  -0.0606  -0.0328  -0.0403  -0.0229  -0.0419   0.0410
   -0.0331   0.0045  -0.0109   0.0195   0.0557   0.0000   0.0224   0.0421  -0.1011   0.0451
   -0.0730   0.0134   0.0353   0.0338  -0.0328  -0.0019   0.0541   0.0044  -0.0791   0.0516
   -0.0588  -0.0573   0.0039   0.0176   0.0812  -0.0182  -0.0228   0.0190  -0.0437  -0.0145
    0.0434   0.0268   0.0279   0.0143  -0.0396   0.0754   0.0301  -0.0358  -0.0477   0.0490
    0.0102  -0.0243   0.1224  -0.0247   0.0970  -0.0266  -0.0609  -0.0736  -0.0230   0.0081
   -0.0100   0.0423  -0.0888  -0.0000  -0.0320  -0.0154   0.0250   0.0493   0.0149   0.0365
    0.0403  -0.0132   0.0783   0.0721  -0.0062   0.0531  -0.0028  -0.0803   0.0038  -0.0384
   -0.0319  -0.0050  -0.0466   0.0395  -0.0088   0.0913  -0.0255   0.1013  -0.0068   0.0654
   -0.1377   0.0118   0.0001   0.0052   0.0063  -0.0257  -0.0876   0.0801  -0.0974  -0.0700
    0.0600   0.0379  -0.0225   0.1072   0.0091  -0.0582  -0.0157   0.0523  -0.0629  -0.1414
    0.0359  -0.1400   0.0624  -0.0310   0.0406   0.0734  -0.0632   0.0747  -0.0190   0.0386
    0.0236   0.0164  -0.1001  -0.0923   0.0531   0.1210   0.0480   0.0624   0.0846  -0.0449
    0.0758  -0.0127  -0.0243  -0.0878   0.0326  -0.0239  -0.0284  -0.1254   0.0012   0.0210
    0.0538  -0.0894  -0.0341   0.0163   0.0674  -0.0170   0.0213   0.0696   0.0006  -0.0354
    0.0249  -0.0370   0.0333   0.0453  -0.0664  -0.0152   0.0143   0.0256  -0.0027  -0.0000
   -0.0008   0.0577   0.0177   0.0320   0.0274  -0.0367  -0.0168   0.1212  -0.0294   0.0389
    0.0862  -0.0352  -0.1107  -0.0064  -0.0207  -0.0295  -0.0441   0.0890  -0.0291   0.0203
    0.0005   0.0346   0.0290  -0.0405   0.0020  -0.0225  -0.0279  -0.0920   0.0762   0.0376
   -0.0615  -0.0252   0.0814  -0.0830  -0.0132  -0.0140   0.0478  -0.0190   0.0084   0.0344
    0.0064  -0.0538  -0.0404   0.0450   0.0608  -0.0047  -0.0400   0.0071   0.0496  -0.0714
   -0.0671  -0.0289  -0.0074  -0.0352  -0.0937   0.0025  -0.0841   0.0128  -0.0093   0.0683
    0.1121  -0.0714   0.0237  -0.0028

--------------------------------------------------------------------------------
CHUNK 10
--------------------------------------------------------------------------------
Scheme: HDFC Equity Fund (Flexi Cap)
Section: Minimum SIP
Source: https://groww.in/mutual-funds/hdfc-equity-fund-direct-growth
Last Updated: 2026-10-01

TEXT:
Minimum SIP: NAV: 30 Sep '26₹2,169.07Min. for SIP₹100Fund size (AUM)₹1,13,606.46 CrExpense ratio0.77%Rating5

EMBEDDING (384-dim vector):
    0.0456  -0.0113  -0.0760   0.0348  -0.0186   0.0130   0.0433   0.1001  -0.0113  -0.0074
    0.0171  -0.1283  -0.0288   0.0622  -0.0356  -0.0942  -0.0106  -0.1338   0.0433  -0.0359
    0.0494   0.0152   0.0063  -0.0241   0.0265  -0.0185   0.0290   0.0360   0.0294  -0.0637
    0.1008   0.0882   0.1103  -0.0675   0.0046  -0.0271  -0.0428   0.0018   0.0514  -0.0764
    0.0252  -0.0010   0.0259  -0.0339   0.0137  -0.0054  -0.0148   0.0723   0.0122   0.0719
    0.0500   0.0058  -0.0263  -0.0356  -0.0052  -0.0165  -0.0796  -0.0165   0.0372   0.0178
    0.0097   0.0327  -0.0410  -0.0057   0.0322  -0.0374  -0.0484   0.0001   0.0232   0.0305
   -0.0063  -0.1016  -0.0155  -0.0891  -0.0328  -0.0070   0.0321   0.0005  -0.0616   0.0258
   -0.0376  -0.0444   0.0253   0.0409   0.0321  -0.0233   0.0604  -0.0465  -0.0332  -0.0219
    0.0682   0.1527  -0.0226   0.0263  -0.0217   0.0275  -0.0012  -0.0407  -0.0370   0.0565
    0.0449   0.1110  -0.0528  -0.0243  -0.0256  -0.0077   0.0341   0.0196   0.0382   0.0201
   -0.0359   0.0598   0.0051  -0.0535  -0.0270   0.0375  -0.0642  -0.0908   0.0875   0.0585
   -0.0542   0.0480   0.0024  -0.0565   0.0000  -0.0234   0.0517   0.0000  -0.0959   0.0249
   -0.0812  -0.0149  -0.0167   0.0047   0.0245  -0.0122  -0.0473  -0.0560  -0.0273  -0.0351
   -0.0294  -0.0390   0.0111  -0.0224   0.0316  -0.0125  -0.0234  -0.0544  -0.0565  -0.0524
    0.0083  -0.0164   0.0752   0.0078   0.0186  -0.0481   0.1291   0.0396   0.0550   0.0390
   -0.0503   0.0072  -0.0706   0.0565   0.0066  -0.0132  -0.1225  -0.0598   0.0157   0.0881
    0.0238  -0.0184  -0.0608   0.0124   0.0277   0.0268   0.0227   0.0474  -0.1117  -0.0202
   -0.0317   0.0207  -0.0131  -0.0435  -0.0486  -0.0318  -0.0072  -0.0544   0.0197  -0.0223
   -0.0902  -0.0286   0.0022   0.0553  -0.0317  -0.1060   0.0590  -0.0345  -0.0372   0.0120
    0.1206   0.0399   0.0081   0.0250   0.0648   0.0184  -0.0143   0.0802  -0.0194   0.0292
    0.0599  -0.0048   0.0951  -0.0628   0.0168   0.0423   0.0126   0.0246  -0.0403  -0.0115
    0.0130   0.0064  -0.0165  -0.0000  -0.0014   0.0035  -0.0181   0.0628   0.0178   0.0277
    0.0791   0.0755   0.0472  -0.0320   0.0123   0.0604   0.1088  -0.0160  -0.0068   0.0424
    0.0341   0.0181   0.0514  -0.0087   0.0112   0.0712   0.0689   0.0700  -0.0116   0.0505
    0.0342  -0.0545  -0.0976  -0.0176   0.0158  -0.0245  -0.0702   0.1103  -0.1320  -0.0534
   -0.0067   0.0434  -0.0066   0.1276   0.0615   0.0225  -0.0635  -0.0899   0.0320  -0.0838
    0.0380  -0.0297   0.0111  -0.0810   0.0425  -0.0428   0.0341   0.0677   0.0798   0.0294
    0.0521  -0.0076   0.0341  -0.0666   0.0701   0.1096  -0.0261  -0.0413   0.0298  -0.0189
   -0.0646   0.0268   0.0456  -0.0383  -0.0212  -0.0217   0.0904   0.0187  -0.0099   0.0262
   -0.0237  -0.0083   0.0492   0.0041  -0.0297   0.1110   0.0003   0.0110   0.0304  -0.0248
    0.0454  -0.0814   0.0848   0.0515  -0.0593  -0.0060   0.0438  -0.0076  -0.0035  -0.0000
   -0.0049  -0.0267  -0.0016   0.0607   0.0512   0.0231  -0.0478  -0.0302  -0.0274   0.0573
    0.0935  -0.0413  -0.0730   0.0044  -0.0799  -0.0029   0.0006   0.0789  -0.0427  -0.0982
    0.0053   0.0326   0.0282   0.0368   0.0000  -0.0167   0.0237   0.0141  -0.0536  -0.0816
   -0.0369   0.0609   0.0406  -0.0224  -0.1125   0.0228   0.0277   0.0326  -0.1059   0.0803
   -0.0008  -0.1941  -0.0787  -0.0791  -0.0511   0.0484  -0.0286  -0.0057  -0.0091  -0.0681
    0.0575  -0.0113   0.0242   0.0029   0.0203  -0.0332  -0.0666  -0.0018  -0.0515  -0.0914
    0.0584   0.0472  -0.0395   0.0168

--------------------------------------------------------------------------------
CHUNK 11
--------------------------------------------------------------------------------
Scheme: HDFC Equity Fund (Flexi Cap)
Section: Lock-in Period
Source: https://groww.in/mutual-funds/hdfc-equity-fund-direct-growth
Last Updated: 2026-10-01

TEXT:
Lock-in Period: HDFC ELSS Tax Saver Fund Direct Plan Growth

EMBEDDING (384-dim vector):
   -0.0282  -0.0306  -0.0247  -0.0215   0.1031   0.1048  -0.0008  -0.0054  -0.0462   0.0421
    0.0199   0.0034  -0.0832  -0.1214  -0.0070  -0.0289  -0.0959  -0.0520   0.0325   0.0013
    0.0957  -0.0420  -0.0538   0.0333   0.0879  -0.0792   0.0119   0.0661  -0.0060  -0.0256
    0.0422   0.0729  -0.0208  -0.0193   0.0541   0.0249  -0.0253   0.0395  -0.0384  -0.0601
    0.0111  -0.0441  -0.0735  -0.0533   0.0151  -0.0458  -0.0119   0.0284  -0.0489   0.0272
    0.0172   0.0417   0.0158  -0.0192   0.0373  -0.0181   0.0322   0.0093   0.0082  -0.0299
   -0.0910  -0.0597   0.0359  -0.0593  -0.0295   0.0639   0.0103  -0.0186  -0.0379  -0.0078
   -0.0805  -0.0660  -0.0853  -0.0441  -0.0123   0.0067   0.0166   0.0609   0.0601  -0.1201
   -0.0081   0.0253  -0.0170   0.0344  -0.0337  -0.0290   0.0671  -0.0903   0.0438  -0.0501
    0.0510   0.0508   0.0379   0.0269  -0.1028  -0.0387  -0.0125  -0.0528  -0.0287   0.0104
    0.0694   0.0684   0.0207  -0.0659  -0.0130  -0.0425   0.0300   0.0438   0.0316  -0.0560
    0.0263   0.0697   0.0348   0.0029  -0.0026  -0.0058  -0.0848  -0.1021   0.1164  -0.0490
    0.0949   0.0506  -0.0305  -0.0681  -0.0286  -0.0740  -0.0110   0.0000  -0.0344   0.0286
   -0.0201  -0.0440  -0.0611  -0.0597   0.0362   0.0496  -0.0463   0.0601   0.0060  -0.0039
    0.0149   0.0041   0.0005  -0.1183   0.0150   0.0812   0.0483   0.0380   0.0328   0.0010
    0.0823  -0.1331   0.1021  -0.0343  -0.0167  -0.0632   0.0040   0.0717   0.0140   0.0666
   -0.0094   0.0110  -0.0841   0.0168   0.0413  -0.0356  -0.0037  -0.0331  -0.0130   0.0790
    0.0661  -0.0273  -0.0334  -0.0237   0.0788   0.0127   0.0146   0.0646  -0.0415  -0.0586
    0.0159  -0.0616   0.0419   0.0032  -0.0761  -0.0303   0.0301   0.0176   0.0560  -0.0394
   -0.0873   0.0306  -0.0782   0.0735   0.0514  -0.0801   0.0262  -0.0239   0.0046   0.0093
    0.0330  -0.0471  -0.0231  -0.0387  -0.0337   0.1208  -0.0036   0.0307   0.0710  -0.0082
    0.0029  -0.0464   0.0879   0.0013   0.0695   0.1120  -0.0410  -0.0678   0.0158  -0.0483
    0.0991   0.0277  -0.0296  -0.0000   0.0004   0.0044   0.0353   0.0141   0.0549   0.0485
    0.0221  -0.0155  -0.0204   0.0061   0.0785   0.0189   0.0209   0.0041  -0.0042  -0.1039
    0.0667  -0.0558  -0.0420  -0.0504   0.0211  -0.0225  -0.0529   0.1087  -0.0305   0.0093
   -0.1340   0.0634  -0.0225   0.0257  -0.0611  -0.0226  -0.0652  -0.0122   0.0390  -0.0934
   -0.0360   0.0284  -0.0329   0.0538   0.0030  -0.0310  -0.0182  -0.0273   0.0371   0.0099
    0.0043   0.0123   0.0225   0.0721  -0.0336  -0.0429   0.0275   0.0015  -0.0343   0.0622
    0.1063  -0.0208  -0.0771   0.0082   0.0226   0.0651   0.0093   0.0879   0.0612   0.0007
   -0.0069  -0.1578   0.0657  -0.0823   0.0421  -0.0417   0.0028   0.0150  -0.0297   0.0298
    0.0058  -0.0443  -0.0011   0.0283   0.0080   0.0007  -0.0293   0.0315  -0.0402  -0.0383
   -0.0248  -0.1236  -0.0088  -0.0103  -0.0835  -0.0654  -0.0014   0.0468   0.0246  -0.0000
    0.0464   0.0659  -0.0297   0.0403   0.0406  -0.0800   0.0236   0.0092  -0.0010   0.0560
    0.1064   0.0693   0.0203  -0.0449  -0.0290  -0.0278   0.0351   0.1086  -0.0423   0.0048
    0.1086   0.0367  -0.0057  -0.0000   0.0338   0.0049   0.0599   0.0566   0.0838   0.0139
    0.0520  -0.0097   0.0215   0.0613  -0.0780   0.0637  -0.0757   0.0423   0.0830   0.0422
    0.0465  -0.0370  -0.0122  -0.0649  -0.0571   0.0404  -0.0845  -0.0452  -0.0063  -0.0608
   -0.0115   0.0022   0.0626  -0.0005   0.0624  -0.0026  -0.0338  -0.0103   0.0115  -0.0178
    0.0497  -0.0696  -0.0040   0.0792

--------------------------------------------------------------------------------
CHUNK 12
--------------------------------------------------------------------------------
Scheme: HDFC Equity Fund (Flexi Cap)
Section: Asset Allocation
Source: https://groww.in/mutual-funds/hdfc-equity-fund-direct-growth
Last Updated: 2026-10-01

TEXT:
Asset Allocation: HDFC Multi Asset Allocation Fund Direct Growth

EMBEDDING (384-dim vector):
    0.0870  -0.1007  -0.0816  -0.0111   0.0782   0.0495   0.0290  -0.0134  -0.0305   0.0210
   -0.0298  -0.0462  -0.0433  -0.0234  -0.0157  -0.0103  -0.0646  -0.0173   0.0226   0.0048
    0.0520  -0.0600   0.0056  -0.0411   0.0940  -0.0364  -0.0274   0.0280  -0.0300  -0.0277
    0.0434   0.0739   0.0084   0.0042   0.0332   0.0662  -0.0748   0.0189  -0.0384  -0.0273
    0.0420  -0.0127  -0.0285  -0.0712   0.0643  -0.0256  -0.0366   0.0769   0.0555  -0.0570
   -0.0001  -0.0019  -0.0105   0.0119  -0.0107   0.0998  -0.0143  -0.0125   0.0631   0.0105
   -0.0490  -0.0166   0.0998  -0.0617   0.0745  -0.0104   0.0322   0.0491  -0.0369  -0.0000
   -0.0582  -0.0357  -0.0911  -0.0923  -0.0230   0.0070   0.0340   0.0449   0.0819  -0.1101
   -0.0273   0.0157   0.0593  -0.0111  -0.0232  -0.0135   0.0028  -0.1187  -0.0403  -0.0471
    0.0454   0.0252   0.0460   0.0880  -0.0670  -0.0357  -0.0553  -0.0648  -0.0532   0.0341
    0.0279  -0.0014   0.0173  -0.0491  -0.0293  -0.0629   0.0126   0.0269   0.0443  -0.0413
   -0.0010   0.0928  -0.0389  -0.0334  -0.0536   0.0172  -0.0410  -0.1218   0.0032  -0.0341
    0.0530  -0.0246  -0.0042   0.0174  -0.0312  -0.0488  -0.0660   0.0000  -0.0636  -0.0369
    0.0201   0.0262  -0.1163  -0.0701   0.0041  -0.0209  -0.0657   0.0135   0.0452   0.1147
   -0.0399   0.0038   0.0188  -0.1117   0.0228   0.1805   0.1069   0.0152  -0.0195   0.0998
    0.0426  -0.1406   0.1221  -0.0121  -0.0053  -0.0538   0.0223   0.0703   0.0144  -0.0414
   -0.0559  -0.0277  -0.0773  -0.0221  -0.0625   0.0002  -0.0492   0.0335   0.0024   0.0489
    0.0036  -0.0528  -0.0559   0.0498   0.1371   0.0326  -0.0635   0.0150  -0.0355  -0.0430
    0.0550   0.0021   0.0562   0.0134  -0.0701  -0.0039   0.0112  -0.0031  -0.0306  -0.0620
   -0.1269   0.0750  -0.0699   0.0893   0.0623  -0.0020   0.0584  -0.0027   0.0087  -0.0060
    0.0611   0.0252  -0.0167  -0.0545  -0.0213   0.1241  -0.0399   0.0327   0.0156   0.0659
    0.0482   0.0043  -0.0002   0.0202   0.0489   0.0086  -0.0663  -0.0600  -0.0028  -0.0602
    0.1041  -0.0340   0.0117  -0.0000  -0.0168   0.0484  -0.0261  -0.0202   0.0386   0.0093
    0.0026  -0.0398   0.0027  -0.0064   0.0673   0.0159  -0.0142  -0.0553  -0.0521  -0.0471
    0.0423  -0.0551  -0.0242  -0.0729   0.0014  -0.0289   0.0716   0.0505  -0.0193   0.0408
   -0.0669   0.0524   0.0108   0.0184  -0.0157  -0.0122  -0.0465   0.0391   0.0224  -0.0905
   -0.0028   0.0290  -0.0234   0.0536  -0.0002  -0.0215   0.0418  -0.0328   0.0402   0.0063
    0.0064   0.0592   0.1178   0.0062  -0.0196  -0.0295   0.0136  -0.0196  -0.0844   0.0621
    0.1022   0.0491   0.0037  -0.0046   0.0168   0.0255   0.0135   0.0897  -0.0227   0.0366
   -0.0655  -0.1146   0.0057  -0.0737   0.0654   0.0249   0.0465   0.0406  -0.0407   0.0958
    0.0364  -0.0105   0.0625   0.0601  -0.0364   0.0158  -0.0239   0.0649  -0.0503  -0.0416
    0.0223  -0.1168  -0.0491  -0.0152  -0.0491  -0.0467   0.0514   0.0159  -0.0438  -0.0000
    0.0327  -0.0094   0.0037  -0.0308  -0.0364  -0.0904  -0.0083  -0.0054   0.0695   0.0602
    0.0486   0.0395   0.0186  -0.0358  -0.0411  -0.0540  -0.0301   0.0604  -0.0483  -0.0473
    0.1085   0.0398   0.0649   0.0357   0.0643  -0.0249   0.0258  -0.0508   0.0058   0.0329
    0.0635   0.0080   0.0316   0.0540   0.0302   0.0883  -0.0222   0.0498  -0.0151   0.0337
    0.0229  -0.0588   0.0379  -0.0570   0.0101  -0.0054  -0.0608  -0.0142   0.0637  -0.0922
   -0.0109   0.0063  -0.0226   0.0117   0.0401   0.0240  -0.0268   0.0045   0.0072  -0.0126
    0.0368  -0.0979  -0.0738   0.0867

--------------------------------------------------------------------------------
CHUNK 13
--------------------------------------------------------------------------------
Scheme: HDFC ELSS Tax Saver Fund
Section: Expense Ratio
Source: https://groww.in/mutual-funds/hdfc-elss-tax-saver-fund-direct-plan-growth
Last Updated: 2026-10-01

TEXT:
Expense Ratio: NAV: 30 Sep '26₹1,416.90Min. for SIP₹500Fund size (AUM)₹15,991.78 CrExpense ratio1.21%Rating5

EMBEDDING (384-dim vector):
    0.0451  -0.0106  -0.0885   0.0842   0.0407  -0.0021   0.0586   0.0806   0.0045   0.0004
    0.0057  -0.1342  -0.0533   0.0507  -0.0577  -0.0819  -0.0394  -0.1161   0.0018  -0.0091
    0.0256   0.0252   0.0221   0.0102   0.0426  -0.0143   0.0193   0.0320  -0.0025  -0.0614
    0.0885   0.0933   0.0712  -0.0652   0.0077  -0.0492  -0.0736   0.0184   0.0568  -0.0912
    0.0005   0.0256   0.0102  -0.0499   0.0066  -0.0087  -0.0426   0.0915   0.0323   0.0976
    0.0548   0.0057  -0.0463  -0.0509   0.0182   0.0175  -0.0619  -0.0277   0.0195  -0.0298
   -0.0208   0.0547  -0.0393  -0.0026   0.0506  -0.0183  -0.0263   0.0320  -0.0079   0.0285
   -0.0013  -0.1157  -0.0207  -0.1019  -0.0177   0.0325   0.0448   0.0325  -0.0452   0.0238
   -0.0081  -0.0147   0.0426   0.0285   0.0604  -0.0364   0.0959  -0.0790  -0.0231  -0.0286
    0.0800   0.0841  -0.0090  -0.0010  -0.0145   0.0132  -0.0078  -0.0082  -0.0205   0.0166
    0.0577   0.1141  -0.0553  -0.0379  -0.0609   0.0075   0.0769   0.0350   0.0783   0.0166
   -0.0245   0.0588  -0.0233  -0.0391  -0.0180  -0.0006  -0.0632  -0.0685   0.1198   0.0615
   -0.0152   0.0552  -0.0129  -0.0328  -0.0225  -0.0986   0.0252   0.0000  -0.1301   0.0323
   -0.0764  -0.0342  -0.0194   0.0067   0.0222   0.0307  -0.0209  -0.0538  -0.0591   0.0310
   -0.0349  -0.0388   0.0036  -0.0268   0.0057   0.0241   0.0048  -0.0557  -0.0531  -0.0277
    0.0194  -0.0318   0.0802  -0.0067   0.0042  -0.0312   0.1149   0.0383   0.0667   0.0417
   -0.0369  -0.0186  -0.0917   0.0427   0.0062  -0.0009  -0.1024  -0.0409  -0.0159   0.0580
   -0.0009  -0.0270  -0.0732  -0.0023   0.0450   0.0250   0.0341   0.0361  -0.1400  -0.0448
   -0.0276   0.0063   0.0114  -0.0474  -0.0393  -0.0198  -0.0050  -0.0424   0.0227  -0.0053
   -0.0876  -0.0586  -0.0339   0.0315  -0.0110  -0.0756   0.0388  -0.0080  -0.0606   0.0156
    0.1049   0.0799  -0.0102   0.0181   0.0103  -0.0002  -0.0275   0.0975  -0.0697   0.0221
    0.0658  -0.0362   0.0706  -0.0723   0.0511   0.0201   0.0237   0.0422   0.0369  -0.0067
    0.0021  -0.0089  -0.0029  -0.0000   0.0031   0.0176  -0.0187   0.0446  -0.0266   0.0238
    0.0310   0.0511   0.0411  -0.0145  -0.0249   0.0784   0.0610  -0.0099   0.0009   0.0006
    0.0291   0.0230   0.0048  -0.0267  -0.0028   0.0810   0.1050   0.0204  -0.0510   0.0616
    0.0303  -0.0433  -0.0354  -0.0024   0.0031  -0.0447  -0.0505   0.1118  -0.1367  -0.0504
   -0.0082   0.0517   0.0102   0.1046   0.0611   0.0301  -0.0563  -0.0955   0.0676  -0.0949
    0.0125  -0.0339   0.0811  -0.0919   0.0611  -0.0123   0.0032   0.0386   0.0211   0.0562
    0.0565  -0.0160   0.0020  -0.0665   0.0576   0.1258   0.0237  -0.0366   0.0318  -0.0155
   -0.0296  -0.0260   0.0685  -0.0160  -0.0373  -0.0427   0.0332   0.0341   0.0053   0.0650
   -0.0198  -0.0124   0.0669   0.0051   0.0088   0.0840   0.0123  -0.0044  -0.0356  -0.0310
    0.0358  -0.0618   0.0631   0.0468  -0.0344  -0.0446   0.0235   0.0113   0.0002  -0.0000
   -0.0161  -0.0288   0.0294   0.0553   0.0255  -0.0117  -0.0385   0.0363  -0.0279   0.1042
    0.0732  -0.0480  -0.1152   0.0370  -0.0791  -0.0083  -0.0207   0.0856  -0.0305  -0.1006
    0.0234   0.0507   0.0037   0.0247  -0.0048  -0.0067  -0.0243   0.0559  -0.0540  -0.0865
   -0.0102   0.0642   0.0450  -0.0086  -0.1014  -0.0019   0.0437   0.0352  -0.0759   0.1338
    0.0187  -0.1660  -0.0509  -0.0634  -0.0125   0.0347  -0.0519  -0.0224  -0.0142  -0.0914
    0.0592  -0.0107   0.0171   0.0199  -0.0073  -0.0484  -0.0732  -0.0179  -0.0566  -0.0457
    0.0844  -0.0212  -0.0347   0.0061

--------------------------------------------------------------------------------
CHUNK 14
--------------------------------------------------------------------------------
Scheme: HDFC ELSS Tax Saver Fund
Section: Benchmark
Source: https://groww.in/mutual-funds/hdfc-elss-tax-saver-fund-direct-plan-growth
Last Updated: 2026-10-01

TEXT:
Benchmark: Prior to joining HDFC MF,he has worked with Motilal Oswal Financial Services Ltd., Goldman Sachs, CRISIL Global Research & Analytics and Deloitte Haskins & Sells

EMBEDDING (384-dim vector):
    0.0022  -0.0957  -0.0834   0.0082   0.0090  -0.0176  -0.0027  -0.0265  -0.0420  -0.0554
   -0.0249  -0.0495  -0.0000   0.0103  -0.0104  -0.0192   0.0890   0.0072   0.0323  -0.0890
   -0.1402  -0.0738   0.0514  -0.0706   0.0452  -0.0558  -0.0469   0.0580  -0.0283  -0.0387
    0.0357   0.0552  -0.0140   0.0254   0.0395   0.0664   0.0215   0.0111  -0.0198  -0.0559
   -0.0164  -0.0786   0.0079  -0.0191   0.0680  -0.0769   0.0116   0.0205  -0.0165   0.0200
   -0.1266  -0.0175  -0.0001  -0.0416   0.0222   0.1047   0.0466  -0.0055   0.0197   0.0238
   -0.0446  -0.0600  -0.0274   0.0336   0.0716   0.0061  -0.0683  -0.0435  -0.0311  -0.0542
   -0.0481  -0.0753  -0.0515  -0.0373   0.0042   0.0557  -0.0124   0.0228   0.0797  -0.1284
    0.0427   0.0033  -0.0004   0.0137   0.0269  -0.0398   0.0421  -0.0134  -0.0112  -0.0131
    0.1439   0.0333  -0.0374  -0.0041  -0.0679  -0.0569   0.0011   0.0902  -0.0494   0.0313
   -0.0014  -0.0198  -0.0135  -0.0038  -0.0202  -0.0074   0.0595   0.1255   0.0024  -0.0057
    0.0075   0.0499  -0.0102  -0.0275   0.0699  -0.0324  -0.0744   0.0067  -0.0301  -0.0035
   -0.0158   0.0469  -0.0813  -0.0665  -0.0675   0.0644  -0.0311   0.0000   0.0631   0.0802
    0.0930  -0.0095  -0.0124   0.0306   0.0223   0.0107   0.0039   0.0458  -0.0226   0.0828
   -0.0373   0.0071  -0.0974  -0.0645   0.0009  -0.0080  -0.0056   0.0225   0.0528   0.0814
   -0.0098  -0.0480   0.1389   0.0049   0.0327   0.0142   0.0514   0.0835  -0.0687  -0.0046
   -0.1045  -0.0248  -0.0038   0.0075  -0.0886  -0.0988  -0.0519  -0.0543  -0.0840   0.0890
   -0.0177  -0.0787  -0.1270  -0.0118  -0.0012   0.0598   0.1011   0.0139  -0.0441   0.0014
    0.0047  -0.0126   0.0454   0.0548   0.0370  -0.0442   0.0466   0.1246  -0.0451   0.0174
   -0.1209   0.0146  -0.0385   0.0109  -0.0242  -0.0312   0.0232  -0.0047   0.0532   0.0748
    0.0593  -0.0137  -0.0053  -0.0885  -0.0084   0.0921   0.0098  -0.0125  -0.0027   0.0992
    0.1029  -0.0508  -0.0086   0.0533  -0.0203  -0.0080  -0.0410   0.0406  -0.0805  -0.0745
    0.0497   0.0838  -0.0117  -0.0000  -0.0482  -0.0375   0.0431   0.0209  -0.0228   0.0427
   -0.0206   0.0062   0.0224   0.0278   0.0998   0.0661   0.0366  -0.0737  -0.0464  -0.0368
   -0.0067  -0.0689  -0.0043  -0.0118   0.0976  -0.0006   0.0526   0.0638   0.0012   0.0093
    0.0015  -0.0477  -0.0528  -0.0168   0.0375  -0.0035  -0.1095  -0.0035  -0.0090  -0.0226
    0.0098   0.0888  -0.0203   0.0626  -0.0025   0.0086   0.0415  -0.0659   0.0161   0.0620
   -0.0751   0.0118   0.0667  -0.0086  -0.0652  -0.0092  -0.0519   0.0285  -0.0502   0.0177
    0.0222  -0.0353  -0.0258   0.0190   0.0073   0.0628   0.0549   0.0807   0.0557   0.0255
   -0.0148  -0.0126   0.0273  -0.0799  -0.0067  -0.0676   0.0405   0.0264  -0.0036   0.0265
   -0.0626  -0.0512  -0.0122   0.0724   0.1031  -0.0600  -0.0017   0.0688  -0.0927  -0.0088
    0.0631  -0.1137   0.0399  -0.0201  -0.0125  -0.0486  -0.0224  -0.0147   0.0260  -0.0000
   -0.0061  -0.0540  -0.0163  -0.0900  -0.0698   0.0114  -0.0430   0.0353   0.0382   0.0636
    0.1080  -0.0204  -0.0863  -0.0070  -0.0179  -0.0437   0.0660   0.0525   0.0171   0.0430
    0.0715   0.0480   0.0577   0.0435   0.0276  -0.0130  -0.0304   0.0110   0.0542   0.0634
   -0.0489   0.0251   0.0229   0.0026   0.0363   0.0243  -0.0114   0.0334  -0.0213   0.1215
    0.0327   0.0256   0.0190  -0.0238   0.0190  -0.0046  -0.0657   0.0922   0.0308  -0.0259
   -0.0044   0.0005   0.0012  -0.0080   0.0225  -0.0394   0.0078  -0.0383  -0.0059  -0.0129
    0.1002  -0.1261   0.0223   0.0452

--------------------------------------------------------------------------------
CHUNK 15
--------------------------------------------------------------------------------
Scheme: HDFC ELSS Tax Saver Fund
Section: Minimum SIP
Source: https://groww.in/mutual-funds/hdfc-elss-tax-saver-fund-direct-plan-growth
Last Updated: 2026-10-01

TEXT:
Minimum SIP: NAV: 30 Sep '26₹1,416.90Min. for SIP₹500Fund size (AUM)₹15,991.78 CrExpense ratio1.21%Rating5

EMBEDDING (384-dim vector):
    0.0477  -0.0160  -0.0711   0.0385  -0.0130   0.0146   0.0470   0.1016  -0.0048  -0.0088
    0.0139  -0.1280  -0.0317   0.0628  -0.0335  -0.0866  -0.0137  -0.1355   0.0385  -0.0354
    0.0411   0.0152  -0.0018  -0.0224   0.0265  -0.0210   0.0284   0.0318   0.0233  -0.0592
    0.1066   0.0903   0.1145  -0.0667   0.0162  -0.0291  -0.0437   0.0040   0.0530  -0.0850
    0.0221   0.0016   0.0151  -0.0309   0.0118  -0.0022  -0.0191   0.0740   0.0230   0.0654
    0.0546  -0.0023  -0.0228  -0.0337  -0.0025  -0.0104  -0.0699  -0.0094   0.0455   0.0065
    0.0121   0.0315  -0.0345  -0.0159   0.0311  -0.0303  -0.0520  -0.0050   0.0196   0.0298
   -0.0023  -0.1009  -0.0172  -0.0884  -0.0241  -0.0065   0.0333   0.0001  -0.0573   0.0373
   -0.0464  -0.0449   0.0255   0.0419   0.0367  -0.0239   0.0601  -0.0512  -0.0288  -0.0220
    0.0669   0.1412  -0.0271   0.0269  -0.0204   0.0213   0.0025  -0.0486  -0.0418   0.0522
    0.0487   0.1092  -0.0636  -0.0252  -0.0250  -0.0087   0.0360   0.0137   0.0435   0.0113
   -0.0332   0.0592   0.0062  -0.0470  -0.0264   0.0287  -0.0696  -0.0922   0.0827   0.0542
   -0.0579   0.0517  -0.0059  -0.0561  -0.0074  -0.0284   0.0460   0.0000  -0.0985   0.0294
   -0.0829  -0.0157  -0.0131   0.0014   0.0213  -0.0101  -0.0459  -0.0532  -0.0292  -0.0399
   -0.0185  -0.0435   0.0062  -0.0269   0.0264  -0.0075  -0.0305  -0.0481  -0.0650  -0.0538
    0.0011  -0.0256   0.0723   0.0067   0.0156  -0.0532   0.1484   0.0400   0.0403   0.0392
   -0.0468   0.0078  -0.0667   0.0560   0.0101  -0.0117  -0.1224  -0.0630   0.0236   0.0887
    0.0165  -0.0221  -0.0519   0.0157   0.0275   0.0242   0.0176   0.0388  -0.1151  -0.0192
   -0.0225   0.0224  -0.0132  -0.0464  -0.0490  -0.0347  -0.0035  -0.0621   0.0278  -0.0149
   -0.0916  -0.0387   0.0001   0.0534  -0.0303  -0.1000   0.0573  -0.0349  -0.0386   0.0153
    0.1178   0.0395   0.0128   0.0211   0.0655   0.0179  -0.0135   0.0823  -0.0214   0.0290
    0.0622  -0.0108   0.0958  -0.0632   0.0185   0.0400   0.0204   0.0322  -0.0404  -0.0162
    0.0103   0.0039  -0.0157  -0.0000  -0.0072  -0.0045  -0.0151   0.0498   0.0054   0.0301
    0.0803   0.0702   0.0503  -0.0410   0.0107   0.0639   0.1033  -0.0145  -0.0064   0.0360
    0.0235   0.0165   0.0566  -0.0122   0.0152   0.0636   0.0718   0.0714  -0.0094   0.0577
    0.0311  -0.0447  -0.0834  -0.0208   0.0155  -0.0308  -0.0687   0.1183  -0.1337  -0.0496
   -0.0073   0.0444   0.0004   0.1261   0.0539   0.0239  -0.0617  -0.0875   0.0298  -0.0870
    0.0363  -0.0203   0.0172  -0.0848   0.0407  -0.0344   0.0283   0.0742   0.0737   0.0265
    0.0577  -0.0087   0.0404  -0.0688   0.0635   0.1126  -0.0153  -0.0382   0.0333  -0.0123
   -0.0639   0.0231   0.0540  -0.0424  -0.0316  -0.0260   0.0883   0.0198  -0.0060   0.0346
   -0.0280  -0.0100   0.0505   0.0039  -0.0241   0.1115  -0.0011   0.0074   0.0356  -0.0238
    0.0461  -0.0780   0.0882   0.0411  -0.0609  -0.0211   0.0420  -0.0073  -0.0097  -0.0000
   -0.0135  -0.0168   0.0070   0.0624   0.0534   0.0249  -0.0456  -0.0316  -0.0230   0.0623
    0.0869  -0.0479  -0.0768   0.0070  -0.0787  -0.0028  -0.0043   0.0683  -0.0311  -0.0917
    0.0047   0.0312   0.0226   0.0405  -0.0021  -0.0182   0.0247   0.0196  -0.0568  -0.0877
   -0.0346   0.0747   0.0497  -0.0117  -0.1048   0.0200   0.0222   0.0387  -0.1116   0.0789
    0.0067  -0.1958  -0.0769  -0.0829  -0.0517   0.0507  -0.0210  -0.0045  -0.0063  -0.0637
    0.0608  -0.0097   0.0345   0.0106   0.0209  -0.0391  -0.0702  -0.0091  -0.0563  -0.0900
    0.0599   0.0454  -0.0319   0.0233

--------------------------------------------------------------------------------
CHUNK 16
--------------------------------------------------------------------------------
Scheme: HDFC ELSS Tax Saver Fund
Section: Lock-in Period
Source: https://groww.in/mutual-funds/hdfc-elss-tax-saver-fund-direct-plan-growth
Last Updated: 2026-10-01

TEXT:
Lock-in Period: Annualised returnsAbsolute returnsFund returns+11.6%+13.1%+12.8%+13.6%Category average (Equity ELSS)+11.4%+10.4%+13.2%+17.1%Rank (Equity ELSS)11517--

EMBEDDING (384-dim vector):
   -0.0592  -0.0326  -0.0883   0.0399   0.0247   0.0398  -0.0171  -0.0402   0.0490   0.0354
    0.0236  -0.0130  -0.0527  -0.1349  -0.0603  -0.0454  -0.0321  -0.0251  -0.0245  -0.0390
    0.0852  -0.0665   0.0135  -0.0293   0.0277  -0.0618  -0.0478   0.1298  -0.0342  -0.0664
   -0.0025   0.0035   0.0460  -0.0685  -0.0665   0.0199  -0.0008  -0.0102  -0.0219   0.0231
   -0.0951   0.0254   0.0543  -0.0976   0.0372  -0.0758  -0.0484  -0.0140  -0.0201   0.0763
    0.0089   0.1202  -0.0635   0.0321  -0.0424  -0.0352   0.0286  -0.0510  -0.0268  -0.0568
    0.0292   0.0280   0.0127   0.0541   0.1167   0.0210  -0.0499  -0.0572  -0.0210  -0.0155
    0.0202  -0.0771  -0.0465  -0.0707   0.0495   0.0991  -0.0475   0.0317   0.0056  -0.0340
    0.0844  -0.0081  -0.0705  -0.0161   0.0139   0.0200   0.0835   0.0319   0.0856   0.0563
    0.0218  -0.0093   0.0574   0.0041  -0.0258  -0.0072  -0.0358  -0.0107  -0.0194   0.0066
    0.0402   0.0731   0.0144  -0.0338  -0.0246  -0.0401   0.1038   0.0338  -0.0440  -0.0062
    0.0117   0.0923   0.0194   0.0175  -0.0596   0.0202  -0.0841  -0.0085   0.1120   0.0440
    0.1211   0.1255   0.0251   0.0125  -0.0049  -0.0168  -0.0157   0.0000  -0.0373  -0.0550
    0.0052  -0.0835  -0.0685   0.0257  -0.0384  -0.0416  -0.0324   0.0706   0.0346   0.0111
    0.0315  -0.0484   0.0123   0.0184   0.0627   0.0665   0.0283  -0.0453   0.0526  -0.0479
    0.0448  -0.0241   0.0519  -0.1013  -0.0317  -0.0670  -0.0854   0.0281   0.1070   0.0951
   -0.0099  -0.0284  -0.0215   0.0244   0.0433   0.0296   0.0611  -0.0127  -0.1013   0.0054
   -0.0450  -0.0393  -0.0111  -0.0681  -0.0239   0.0264   0.0464   0.0569  -0.0517   0.0083
   -0.0113  -0.0541  -0.0179   0.0032  -0.0024  -0.0041  -0.0797  -0.0053  -0.0199   0.0490
   -0.0156  -0.0654  -0.1636   0.0401   0.0708  -0.0554  -0.0432   0.1043  -0.0270  -0.0919
   -0.0004  -0.0218  -0.0187   0.0303   0.0283  -0.0201   0.0271   0.0262   0.0789  -0.0218
   -0.0710   0.0241   0.0687  -0.0129  -0.0127   0.0607   0.0521  -0.0543   0.0392  -0.0526
    0.0438   0.0322  -0.0150  -0.0000  -0.0375   0.0200   0.0002  -0.0119   0.0150   0.0020
   -0.0512   0.0624  -0.0470   0.0649   0.0655   0.0134  -0.0459   0.0439   0.0662  -0.0516
    0.0556  -0.0097   0.0032  -0.0183   0.0196  -0.0149   0.0298   0.0755  -0.0506   0.0298
   -0.1245   0.0088  -0.0403  -0.0591  -0.0497  -0.0381  -0.0466   0.0536   0.0390  -0.0762
    0.0181  -0.1017  -0.0063   0.0593   0.0368   0.0324  -0.0424  -0.0642   0.0720   0.0051
    0.0180  -0.0225   0.1003  -0.0146  -0.0388   0.0474  -0.0413   0.0077   0.0186   0.0704
    0.0428  -0.0317  -0.1294  -0.0043   0.0146   0.0487  -0.0036   0.0656   0.0385  -0.0484
    0.0007  -0.1207  -0.0181  -0.0066   0.0757  -0.0308   0.0611   0.0354   0.0174   0.0661
   -0.0295  -0.1169  -0.0363   0.0531  -0.0178   0.0490  -0.0117  -0.0034  -0.0206   0.0141
   -0.0082  -0.0723   0.0049   0.0478  -0.0177  -0.0641  -0.0609  -0.0038   0.0629  -0.0000
    0.0099   0.0177   0.0427   0.0350  -0.0201  -0.0004   0.0521  -0.0687  -0.0117   0.0288
    0.0874   0.0076  -0.0717   0.0164  -0.0727  -0.0485  -0.0136   0.0595  -0.0036  -0.1070
    0.0597   0.0358   0.0701  -0.0719  -0.0675  -0.0063   0.0033   0.0257   0.0227   0.0276
    0.0040  -0.0408   0.1163  -0.0389  -0.1091   0.0038  -0.0090   0.0696   0.0662   0.0346
    0.0329  -0.0102   0.0719  -0.0053  -0.0162   0.0228  -0.0230   0.0202  -0.0123  -0.1023
    0.0287  -0.0514  -0.0074   0.0592   0.0487   0.0617  -0.0195  -0.0030   0.0103  -0.0457
    0.0119  -0.1053  -0.0503  -0.0054

--------------------------------------------------------------------------------
CHUNK 17
--------------------------------------------------------------------------------
Scheme: HDFC ELSS Tax Saver Fund
Section: Asset Allocation
Source: https://groww.in/mutual-funds/hdfc-elss-tax-saver-fund-direct-plan-growth
Last Updated: 2026-10-01

TEXT:
Asset Allocation: HDFC Multi Asset Allocation Fund Direct Growth

EMBEDDING (384-dim vector):
    0.0870  -0.1007  -0.0816  -0.0111   0.0782   0.0495   0.0290  -0.0134  -0.0305   0.0210
   -0.0298  -0.0462  -0.0433  -0.0234  -0.0157  -0.0103  -0.0646  -0.0173   0.0226   0.0048
    0.0520  -0.0600   0.0056  -0.0411   0.0940  -0.0364  -0.0274   0.0280  -0.0300  -0.0277
    0.0434   0.0739   0.0084   0.0042   0.0332   0.0662  -0.0748   0.0189  -0.0384  -0.0273
    0.0420  -0.0127  -0.0285  -0.0712   0.0643  -0.0256  -0.0366   0.0769   0.0555  -0.0570
   -0.0001  -0.0019  -0.0105   0.0119  -0.0107   0.0998  -0.0143  -0.0125   0.0631   0.0105
   -0.0490  -0.0166   0.0998  -0.0617   0.0745  -0.0104   0.0322   0.0491  -0.0369  -0.0000
   -0.0582  -0.0357  -0.0911  -0.0923  -0.0230   0.0070   0.0340   0.0449   0.0819  -0.1101
   -0.0273   0.0157   0.0593  -0.0111  -0.0232  -0.0135   0.0028  -0.1187  -0.0403  -0.0471
    0.0454   0.0252   0.0460   0.0880  -0.0670  -0.0357  -0.0553  -0.0648  -0.0532   0.0341
    0.0279  -0.0014   0.0173  -0.0491  -0.0293  -0.0629   0.0126   0.0269   0.0443  -0.0413
   -0.0010   0.0928  -0.0389  -0.0334  -0.0536   0.0172  -0.0410  -0.1218   0.0032  -0.0341
    0.0530  -0.0246  -0.0042   0.0174  -0.0312  -0.0488  -0.0660   0.0000  -0.0636  -0.0369
    0.0201   0.0262  -0.1163  -0.0701   0.0041  -0.0209  -0.0657   0.0135   0.0452   0.1147
   -0.0399   0.0038   0.0188  -0.1117   0.0228   0.1805   0.1069   0.0152  -0.0195   0.0998
    0.0426  -0.1406   0.1221  -0.0121  -0.0053  -0.0538   0.0223   0.0703   0.0144  -0.0414
   -0.0559  -0.0277  -0.0773  -0.0221  -0.0625   0.0002  -0.0492   0.0335   0.0024   0.0489
    0.0036  -0.0528  -0.0559   0.0498   0.1371   0.0326  -0.0635   0.0150  -0.0355  -0.0430
    0.0550   0.0021   0.0562   0.0134  -0.0701  -0.0039   0.0112  -0.0031  -0.0306  -0.0620
   -0.1269   0.0750  -0.0699   0.0893   0.0623  -0.0020   0.0584  -0.0027   0.0087  -0.0060
    0.0611   0.0252  -0.0167  -0.0545  -0.0213   0.1241  -0.0399   0.0327   0.0156   0.0659
    0.0482   0.0043  -0.0002   0.0202   0.0489   0.0086  -0.0663  -0.0600  -0.0028  -0.0602
    0.1041  -0.0340   0.0117  -0.0000  -0.0168   0.0484  -0.0261  -0.0202   0.0386   0.0093
    0.0026  -0.0398   0.0027  -0.0064   0.0673   0.0159  -0.0142  -0.0553  -0.0521  -0.0471
    0.0423  -0.0551  -0.0242  -0.0729   0.0014  -0.0289   0.0716   0.0505  -0.0193   0.0408
   -0.0669   0.0524   0.0108   0.0184  -0.0157  -0.0122  -0.0465   0.0391   0.0224  -0.0905
   -0.0028   0.0290  -0.0234   0.0536  -0.0002  -0.0215   0.0418  -0.0328   0.0402   0.0063
    0.0064   0.0592   0.1178   0.0062  -0.0196  -0.0295   0.0136  -0.0196  -0.0844   0.0621
    0.1022   0.0491   0.0037  -0.0046   0.0168   0.0255   0.0135   0.0897  -0.0227   0.0366
   -0.0655  -0.1146   0.0057  -0.0737   0.0654   0.0249   0.0465   0.0406  -0.0407   0.0958
    0.0364  -0.0105   0.0625   0.0601  -0.0364   0.0158  -0.0239   0.0649  -0.0503  -0.0416
    0.0223  -0.1168  -0.0491  -0.0152  -0.0491  -0.0467   0.0514   0.0159  -0.0438  -0.0000
    0.0327  -0.0094   0.0037  -0.0308  -0.0364  -0.0904  -0.0083  -0.0054   0.0695   0.0602
    0.0486   0.0395   0.0186  -0.0358  -0.0411  -0.0540  -0.0301   0.0604  -0.0483  -0.0473
    0.1085   0.0398   0.0649   0.0357   0.0643  -0.0249   0.0258  -0.0508   0.0058   0.0329
    0.0635   0.0080   0.0316   0.0540   0.0302   0.0883  -0.0222   0.0498  -0.0151   0.0337
    0.0229  -0.0588   0.0379  -0.0570   0.0101  -0.0054  -0.0608  -0.0142   0.0637  -0.0922
   -0.0109   0.0063  -0.0226   0.0117   0.0401   0.0240  -0.0268   0.0045   0.0072  -0.0126
    0.0368  -0.0979  -0.0738   0.0867

--------------------------------------------------------------------------------
CHUNK 18
--------------------------------------------------------------------------------
Scheme: HDFC Small Cap Fund
Section: Expense Ratio
Source: https://groww.in/mutual-funds/hdfc-small-cap-fund-direct-growth
Last Updated: 2026-10-01

TEXT:
Expense Ratio: RepoUnspecifiedRepo10.25%Firstsource Solutions LtdIndustrialsEquity3.71%Aster DM Healthcare LtdHealthcareEquity3.56%Gabriel India LtdConsumer DiscretionaryEquity3.25%eClerx Services LtdTechnologyEquity3.09%Bank Of BarodaFinancialEquity2.67%Indian BankFinancialEquity2.08%Krishna Institute Of Medical Sciences LtdHealthcareEquity2.01%Eris Lifesciences LtdHealthcareEquity2.00%Apar Industries LtdDiversifiedEquity1.90%Pearl Global Industries LtdConsumer DiscretionaryEquity1.77%The Federal Bank LtdFinancialEquity1.77%Sudarshan Chemical Industries LtdMaterialsEquity1.75%Home First Finance Company India LtdFinancialEquity1.69%Vijaya Diagnostic Centre LtdHealthcareEquity1.67%PVR LtdConsumer DiscretionaryEquity1.66%Chalet Hotels LtdConsumer DiscretionaryEquity1.63%Kalpataru Power Transmission LtdIndustrialsEquity1.55%City Union Bank LtdFinancialEquity1.46%Suprajit Engineering LtdConsumer DiscretionaryEquity1.42%The Great Eastern Shipping Company LtdEnergy & UtilitiesEquity1.41%Sonata Software LtdTechnologyEquity1.40%Power Mech Projects LtdIndustrialsEquity1.32%Akzo Nobel India LtdMaterialsEquity1.32%Timken India LtdIndustrialsEquity1.31%Vardhman Textiles LtdConsumer DiscretionaryEquity1.28%Dodla Dairy LtdConsumer StaplesEquity1.28%Godrej Consumer Products LtdConsumer StaplesEquity1.27%Aditya Vision LtdConsumer DiscretionaryEquity1.26%Blue Dart Express LtdIndustrialsEquity1.22%Equitas Small Finance Bank LtdFinancialEquity1.20%Redington LtdTechnologyEquity1.16%LG Balakrishnan & Brothers LtdIndustrialsEquity1.12%Fiem Industries LtdConsumer DiscretionaryEquity1.10%JK Tyre & Industries LtdConsumer DiscretionaryEquity1.09%Fortis Healthcare LtdHealthcareEquity1.08%Vishal Mega Mart Ltd.Consumer StaplesEquity1.08%Voltamp Transformers LtdIndustrialsEquity1.05%VRL Logistics LtdIndustrialsEquity1.04%Indigo Paints LtdMaterialsEquity1.03%Mahindra CIE Automotive LtdConsumer DiscretionaryEquity1.01%Sharda Cropchem LtdMaterialsEquity1.00%Transport Corporation Of India LtdIndustrialsEquity0.99%NRB Bearings LtdIndustrialsEquity0.97%Zensar Technologies LtdTechnologyEquity0.93%Shoppers Stop LtdConsumer DiscretionaryEquity0.92%Lumax Industries LtdConsumer DiscretionaryEquity0.90%Tega Industries LtdIndustrialsEquity0.88%UTI Asset Management Company LtdFinancialEquity0.87%Kirloskar Ferrous Industries LtdMaterialsEquity0.85%Chambal Fertilisers & Chemicals LtdMaterialsEquity0.84%SKF India (Industrial) LtdIndustrialsEquity0.79%Tata Steel LtdMaterialsEquity0.68%Mastek LtdTechnologyEquity0.66%Unichem Laboratories LtdHealthcareEquity0.66%Redtape LtdConsumer DiscretionaryEquity0.66%The Anup Engineering LtdIndustrialsEquity0.63%DHFL VYSYA HOUSING FINANCE LIMITED EQFinancialEquity0.63%Bajaj Consumer Care LtdConsumer StaplesEquity0.59%PNC Infratech LtdIndustrialsEquity0.59%Wakefit Innovations Ltd.Consumer DiscretionaryEquity0.56%GMM Pfaudler LtdIndustrialsEquity0.53%Bajaj Electricals LtdConsumer DiscretionaryEquity0.49%KEC International LtdDiversifiedEquity0.49%Gateway Distriparks LtdIndustrialsEquity0.43%GNA Axles LtdConsumer DiscretionaryEquity0.42%Ion Exchange (India) LtdIndustrialsEquity0.42%SKF India LtdIndustrialsEquity0.41%Kei Industries LtdIndustrialsEquity0.41%Awfis Space Solutions Ltd.IndustrialsEquity0.41%La Opala RG LtdConsumer DiscretionaryEquity0.38%Insecticides (India) LtdMaterialsEquity0.38%Vesuvius India LtdIndustrialsEquity0.38%Vedant Fashions LtdConsumer DiscretionaryEquity0.37%Gujarat Pipavav Port LtdIndustrialsEquity0.35%IFGL Refractories LtdIndustrialsEquity0.33%G R Infraprojects LtdIndustrialsEquity0.31%Jupiter Life Line Hospitals Ltd.HealthcareEquity0.30%Emami LtdConsumer StaplesEquity0.29%DB Corp LtdIndustrialsEquity0.22%Goodyear India LtdConsumer DiscretionaryEquity0.22%Sula Vineyards LtdConsumer StaplesEquity0.21%Brainbees Solutions Ltd.Consumer DiscretionaryEquity0.20%BEML LtdIndustrialsEquity0.19%Carborundum Universal LtdMaterialsEquity0.17%Net Current AssetsUnspecifiedNet Current Assets0.11%TCI Express LtdIndustrialsEquity0.06%

EMBEDDING (384-dim vector):
    0.0575  -0.0866  -0.0422   0.0447   0.0363  -0.0108   0.0868   0.0681   0.0399  -0.0630
    0.0013  -0.1234   0.0135   0.0440  -0.0525  -0.1013   0.0736  -0.0205  -0.0310   0.0471
   -0.0033   0.0193   0.0491  -0.0285  -0.0044  -0.0327  -0.0159   0.0409  -0.0416  -0.1045
    0.0259   0.0649  -0.0202  -0.0313   0.0625  -0.0149  -0.0809  -0.0165   0.0188   0.0077
   -0.0287   0.0411  -0.0387  -0.0625   0.0217  -0.0507  -0.0707   0.0118   0.0135   0.0982
    0.0535   0.0124   0.0105  -0.0441  -0.0458  -0.1046  -0.0595  -0.0990  -0.0595  -0.0409
   -0.0389   0.0707   0.0263  -0.0027  -0.0112   0.0117   0.0195   0.0331  -0.0596  -0.0529
   -0.0613  -0.0596   0.0088   0.0516  -0.0384   0.0587   0.1059   0.0673   0.0007  -0.0755
   -0.0039  -0.0076   0.0677   0.0324  -0.0251  -0.0129   0.0059  -0.0394   0.0175  -0.0618
    0.1231   0.0150   0.0105  -0.0098   0.0455  -0.0424  -0.0744   0.0584   0.0258  -0.0342
    0.0122   0.0227   0.0278  -0.0182  -0.0992  -0.0395   0.0670   0.0683   0.1436  -0.0085
   -0.0453   0.0309   0.0396  -0.0389   0.0345   0.0060  -0.0764  -0.0423   0.1487   0.0234
   -0.0079   0.0532  -0.0148  -0.0376  -0.0216  -0.0409  -0.0851   0.0000  -0.0874   0.0303
    0.0760  -0.0385  -0.0747   0.0353  -0.0521   0.0748   0.0321  -0.0268  -0.0990   0.0441
   -0.0440  -0.0550  -0.0140   0.0255  -0.0086   0.0191   0.0229  -0.0445  -0.0805  -0.0439
    0.0801   0.0583  -0.0108  -0.0211   0.0144   0.0286   0.0208  -0.0071   0.0472  -0.0198
   -0.0082  -0.0660  -0.0491   0.0035   0.0010   0.0464  -0.0388  -0.0193  -0.0579   0.0242
    0.0035   0.0225  -0.0327  -0.0509   0.0461   0.0341   0.0592  -0.0276  -0.1432   0.0023
   -0.0560  -0.0243   0.0239  -0.0140  -0.0290  -0.0557   0.0166   0.0134  -0.0638   0.0219
   -0.0747  -0.0748   0.0010   0.0160   0.0354  -0.0308  -0.0401   0.0041  -0.0679  -0.0444
    0.0214   0.0914   0.0375   0.0287  -0.0039   0.0028   0.0588  -0.0195  -0.0485   0.0375
    0.0049   0.0058   0.0565  -0.0578   0.1022  -0.0680  -0.0096  -0.0017   0.0423  -0.0221
   -0.0182   0.0117   0.0099  -0.0000   0.0179   0.0383  -0.0117   0.0223   0.0114   0.0247
    0.0089  -0.0428   0.0984   0.0413  -0.0269   0.0599  -0.0176  -0.0790   0.0044   0.0206
   -0.0239   0.0280  -0.0684   0.0149  -0.0251   0.0305   0.0504   0.0114  -0.0662   0.0795
   -0.1081  -0.0079   0.0542   0.0105  -0.0082  -0.0171  -0.0585   0.0871  -0.1413  -0.0683
    0.0295   0.0338  -0.0149   0.0833   0.0497  -0.0179  -0.0254   0.0301   0.0365  -0.1009
    0.0202  -0.1326   0.0899  -0.0342  -0.0004   0.0011  -0.0790   0.0438  -0.0336   0.0765
    0.0073  -0.0016  -0.0693  -0.0696   0.0723   0.1000   0.0200   0.0043   0.0318  -0.0198
    0.0593   0.0197   0.0444  -0.0777  -0.0366  -0.0647  -0.0439  -0.0779   0.0325   0.0434
   -0.0261  -0.1117  -0.0133  -0.0228   0.0970  -0.0296  -0.0250   0.0084  -0.0544  -0.0562
    0.0147  -0.0105  -0.0004   0.0129  -0.0270  -0.0597   0.0554   0.0327   0.0092  -0.0000
   -0.0105  -0.0060   0.0411   0.0029   0.0393  -0.0735  -0.0049   0.0967  -0.0194   0.0944
    0.0236   0.0149  -0.0837  -0.0162  -0.0360  -0.0402  -0.0698   0.0752  -0.0182  -0.0470
   -0.0355   0.0378  -0.0428  -0.0138   0.0386  -0.0951  -0.0505  -0.0073   0.0138   0.0114
    0.0098   0.0131   0.0274  -0.0981   0.0040  -0.0357   0.0183   0.0294   0.0253   0.0478
   -0.0601  -0.0441  -0.0598   0.0506   0.0855  -0.0319  -0.0503  -0.0020   0.0028  -0.1617
   -0.0032  -0.0256   0.0286  -0.0230  -0.1156   0.0320  -0.0671   0.0448  -0.0441   0.0333
    0.0675  -0.0718   0.0316  -0.0605

--------------------------------------------------------------------------------
CHUNK 19
--------------------------------------------------------------------------------
Scheme: HDFC Small Cap Fund
Section: Benchmark
Source: https://groww.in/mutual-funds/hdfc-small-cap-fund-direct-growth
Last Updated: 2026-10-01

TEXT:
Benchmark: Prior to joining HDFC MF,he has worked with Motilal Oswal Financial Services Ltd., Goldman Sachs, CRISIL Global Research & Analytics and Deloitte Haskins & Sells

EMBEDDING (384-dim vector):
    0.0022  -0.0957  -0.0834   0.0082   0.0090  -0.0176  -0.0027  -0.0265  -0.0420  -0.0554
   -0.0249  -0.0495  -0.0000   0.0103  -0.0104  -0.0192   0.0890   0.0072   0.0323  -0.0890
   -0.1402  -0.0738   0.0514  -0.0706   0.0452  -0.0558  -0.0469   0.0580  -0.0283  -0.0387
    0.0357   0.0552  -0.0140   0.0254   0.0395   0.0664   0.0215   0.0111  -0.0198  -0.0559
   -0.0164  -0.0786   0.0079  -0.0191   0.0680  -0.0769   0.0116   0.0205  -0.0165   0.0200
   -0.1266  -0.0175  -0.0001  -0.0416   0.0222   0.1047   0.0466  -0.0055   0.0197   0.0238
   -0.0446  -0.0600  -0.0274   0.0336   0.0716   0.0061  -0.0683  -0.0435  -0.0311  -0.0542
   -0.0481  -0.0753  -0.0515  -0.0373   0.0042   0.0557  -0.0124   0.0228   0.0797  -0.1284
    0.0427   0.0033  -0.0004   0.0137   0.0269  -0.0398   0.0421  -0.0134  -0.0112  -0.0131
    0.1439   0.0333  -0.0374  -0.0041  -0.0679  -0.0569   0.0011   0.0902  -0.0494   0.0313
   -0.0014  -0.0198  -0.0135  -0.0038  -0.0202  -0.0074   0.0595   0.1255   0.0024  -0.0057
    0.0075   0.0499  -0.0102  -0.0275   0.0699  -0.0324  -0.0744   0.0067  -0.0301  -0.0035
   -0.0158   0.0469  -0.0813  -0.0665  -0.0675   0.0644  -0.0311   0.0000   0.0631   0.0802
    0.0930  -0.0095  -0.0124   0.0306   0.0223   0.0107   0.0039   0.0458  -0.0226   0.0828
   -0.0373   0.0071  -0.0974  -0.0645   0.0009  -0.0080  -0.0056   0.0225   0.0528   0.0814
   -0.0098  -0.0480   0.1389   0.0049   0.0327   0.0142   0.0514   0.0835  -0.0687  -0.0046
   -0.1045  -0.0248  -0.0038   0.0075  -0.0886  -0.0988  -0.0519  -0.0543  -0.0840   0.0890
   -0.0177  -0.0787  -0.1270  -0.0118  -0.0012   0.0598   0.1011   0.0139  -0.0441   0.0014
    0.0047  -0.0126   0.0454   0.0548   0.0370  -0.0442   0.0466   0.1246  -0.0451   0.0174
   -0.1209   0.0146  -0.0385   0.0109  -0.0242  -0.0312   0.0232  -0.0047   0.0532   0.0748
    0.0593  -0.0137  -0.0053  -0.0885  -0.0084   0.0921   0.0098  -0.0125  -0.0027   0.0992
    0.1029  -0.0508  -0.0086   0.0533  -0.0203  -0.0080  -0.0410   0.0406  -0.0805  -0.0745
    0.0497   0.0838  -0.0117  -0.0000  -0.0482  -0.0375   0.0431   0.0209  -0.0228   0.0427
   -0.0206   0.0062   0.0224   0.0278   0.0998   0.0661   0.0366  -0.0737  -0.0464  -0.0368
   -0.0067  -0.0689  -0.0043  -0.0118   0.0976  -0.0006   0.0526   0.0638   0.0012   0.0093
    0.0015  -0.0477  -0.0528  -0.0168   0.0375  -0.0035  -0.1095  -0.0035  -0.0090  -0.0226
    0.0098   0.0888  -0.0203   0.0626  -0.0025   0.0086   0.0415  -0.0659   0.0161   0.0620
   -0.0751   0.0118   0.0667  -0.0086  -0.0652  -0.0092  -0.0519   0.0285  -0.0502   0.0177
    0.0222  -0.0353  -0.0258   0.0190   0.0073   0.0628   0.0549   0.0807   0.0557   0.0255
   -0.0148  -0.0126   0.0273  -0.0799  -0.0067  -0.0676   0.0405   0.0264  -0.0036   0.0265
   -0.0626  -0.0512  -0.0122   0.0724   0.1031  -0.0600  -0.0017   0.0688  -0.0927  -0.0088
    0.0631  -0.1137   0.0399  -0.0201  -0.0125  -0.0486  -0.0224  -0.0147   0.0260  -0.0000
   -0.0061  -0.0540  -0.0163  -0.0900  -0.0698   0.0114  -0.0430   0.0353   0.0382   0.0636
    0.1080  -0.0204  -0.0863  -0.0070  -0.0179  -0.0437   0.0660   0.0525   0.0171   0.0430
    0.0715   0.0480   0.0577   0.0435   0.0276  -0.0130  -0.0304   0.0110   0.0542   0.0634
   -0.0489   0.0251   0.0229   0.0026   0.0363   0.0243  -0.0114   0.0334  -0.0213   0.1215
    0.0327   0.0256   0.0190  -0.0238   0.0190  -0.0046  -0.0657   0.0922   0.0308  -0.0259
   -0.0044   0.0005   0.0012  -0.0080   0.0225  -0.0394   0.0078  -0.0383  -0.0059  -0.0129
    0.1002  -0.1261   0.0223   0.0452

--------------------------------------------------------------------------------
CHUNK 20
--------------------------------------------------------------------------------
Scheme: HDFC Small Cap Fund
Section: Minimum SIP
Source: https://groww.in/mutual-funds/hdfc-small-cap-fund-direct-growth
Last Updated: 2026-10-01

TEXT:
Minimum SIP: NAV: 30 Sep '26₹156.27Min. for SIP₹100Fund size (AUM)₹41,890.86 CrExpense ratio0.78%Rating3

EMBEDDING (384-dim vector):
    0.0433   0.0018  -0.0678   0.0277  -0.0164   0.0142   0.0441   0.1005  -0.0103  -0.0079
    0.0133  -0.1249  -0.0203   0.0742  -0.0340  -0.0888  -0.0115  -0.1321   0.0400  -0.0363
    0.0468   0.0174   0.0030  -0.0215   0.0223  -0.0093   0.0369   0.0401   0.0235  -0.0721
    0.0985   0.0863   0.1247  -0.0674   0.0059  -0.0276  -0.0468  -0.0017   0.0430  -0.0746
    0.0209  -0.0095   0.0236  -0.0231   0.0131  -0.0036  -0.0112   0.0619   0.0240   0.0669
    0.0476   0.0026  -0.0262  -0.0321  -0.0062  -0.0023  -0.0720  -0.0146   0.0451   0.0063
    0.0055   0.0379  -0.0366  -0.0135   0.0393  -0.0394  -0.0531  -0.0034   0.0129   0.0209
   -0.0003  -0.1034  -0.0090  -0.0969  -0.0268  -0.0065   0.0435  -0.0018  -0.0536   0.0274
   -0.0377  -0.0522   0.0201   0.0411   0.0299  -0.0234   0.0562  -0.0494  -0.0219  -0.0302
    0.0620   0.1468  -0.0351   0.0216  -0.0135   0.0237  -0.0108  -0.0390  -0.0405   0.0608
    0.0463   0.1099  -0.0499  -0.0152  -0.0198  -0.0087   0.0447   0.0339   0.0324   0.0260
   -0.0310   0.0617   0.0107  -0.0521  -0.0254   0.0385  -0.0647  -0.0904   0.0846   0.0492
   -0.0567   0.0474   0.0040  -0.0620  -0.0124  -0.0123   0.0519   0.0000  -0.1011   0.0228
   -0.0829  -0.0108  -0.0137   0.0001   0.0178  -0.0152  -0.0444  -0.0606  -0.0322  -0.0342
   -0.0275  -0.0414   0.0039  -0.0312   0.0384  -0.0095  -0.0488  -0.0494  -0.0573  -0.0572
    0.0085  -0.0150   0.0764   0.0083   0.0120  -0.0579   0.1358   0.0385   0.0554   0.0389
   -0.0532   0.0171  -0.0650   0.0522  -0.0035  -0.0124  -0.1187  -0.0639   0.0123   0.0887
    0.0217  -0.0107  -0.0570   0.0150   0.0287   0.0247   0.0297   0.0480  -0.1158  -0.0167
   -0.0356   0.0204  -0.0221  -0.0428  -0.0423  -0.0353  -0.0061  -0.0588   0.0271  -0.0085
   -0.0855  -0.0412   0.0084   0.0435  -0.0372  -0.1036   0.0599  -0.0404  -0.0226   0.0072
    0.1197   0.0415   0.0113   0.0194   0.0679   0.0083  -0.0115   0.0675  -0.0077   0.0204
    0.0592  -0.0017   0.0932  -0.0677   0.0142   0.0359   0.0136   0.0391  -0.0543  -0.0064
    0.0137  -0.0041  -0.0130  -0.0000   0.0060   0.0022  -0.0183   0.0530   0.0177   0.0198
    0.0775   0.0864   0.0479  -0.0385   0.0077   0.0524   0.1121  -0.0158  -0.0085   0.0435
    0.0404   0.0104   0.0490  -0.0063   0.0097   0.0735   0.0588   0.0611  -0.0098   0.0521
    0.0344  -0.0470  -0.0981  -0.0202  -0.0041  -0.0196  -0.0691   0.1238  -0.1342  -0.0470
    0.0026   0.0407  -0.0033   0.1174   0.0528   0.0206  -0.0609  -0.0827   0.0313  -0.0875
    0.0356  -0.0326   0.0050  -0.0816   0.0459  -0.0417   0.0353   0.0766   0.0792   0.0263
    0.0532  -0.0080   0.0390  -0.0718   0.0814   0.1083  -0.0253  -0.0444   0.0328  -0.0217
   -0.0568   0.0252   0.0568  -0.0509  -0.0238  -0.0244   0.0887   0.0232  -0.0118   0.0132
   -0.0247  -0.0076   0.0548  -0.0060  -0.0232   0.1047  -0.0008   0.0085   0.0416  -0.0195
    0.0510  -0.0805   0.0839   0.0418  -0.0527  -0.0145   0.0274   0.0024  -0.0121  -0.0000
   -0.0058  -0.0234  -0.0033   0.0608   0.0596   0.0231  -0.0444  -0.0417  -0.0242   0.0584
    0.0948  -0.0355  -0.0755   0.0029  -0.0705  -0.0083  -0.0028   0.0840  -0.0420  -0.0943
    0.0026   0.0397   0.0254   0.0429   0.0002  -0.0164   0.0293   0.0208  -0.0502  -0.0950
   -0.0376   0.0739   0.0369  -0.0256  -0.1054   0.0160   0.0229   0.0402  -0.1036   0.0683
    0.0025  -0.1893  -0.0834  -0.0775  -0.0470   0.0525  -0.0331  -0.0003  -0.0129  -0.0693
    0.0628  -0.0041   0.0307   0.0117   0.0153  -0.0420  -0.0666  -0.0040  -0.0565  -0.0878
    0.0644   0.0528  -0.0450   0.0129

--------------------------------------------------------------------------------
CHUNK 21
--------------------------------------------------------------------------------
Scheme: HDFC Small Cap Fund
Section: Lock-in Period
Source: https://groww.in/mutual-funds/hdfc-small-cap-fund-direct-growth
Last Updated: 2026-10-01

TEXT:
Lock-in Period: HDFC ELSS Tax Saver Fund Direct Plan Growth

EMBEDDING (384-dim vector):
   -0.0282  -0.0306  -0.0247  -0.0215   0.1031   0.1048  -0.0008  -0.0054  -0.0462   0.0421
    0.0199   0.0034  -0.0832  -0.1214  -0.0070  -0.0289  -0.0959  -0.0520   0.0325   0.0013
    0.0957  -0.0420  -0.0538   0.0333   0.0879  -0.0792   0.0119   0.0661  -0.0060  -0.0256
    0.0422   0.0729  -0.0208  -0.0193   0.0541   0.0249  -0.0253   0.0395  -0.0384  -0.0601
    0.0111  -0.0441  -0.0735  -0.0533   0.0151  -0.0458  -0.0119   0.0284  -0.0489   0.0272
    0.0172   0.0417   0.0158  -0.0192   0.0373  -0.0181   0.0322   0.0093   0.0082  -0.0299
   -0.0910  -0.0597   0.0359  -0.0593  -0.0295   0.0639   0.0103  -0.0186  -0.0379  -0.0078
   -0.0805  -0.0660  -0.0853  -0.0441  -0.0123   0.0067   0.0166   0.0609   0.0601  -0.1201
   -0.0081   0.0253  -0.0170   0.0344  -0.0337  -0.0290   0.0671  -0.0903   0.0438  -0.0501
    0.0510   0.0508   0.0379   0.0269  -0.1028  -0.0387  -0.0125  -0.0528  -0.0287   0.0104
    0.0694   0.0684   0.0207  -0.0659  -0.0130  -0.0425   0.0300   0.0438   0.0316  -0.0560
    0.0263   0.0697   0.0348   0.0029  -0.0026  -0.0058  -0.0848  -0.1021   0.1164  -0.0490
    0.0949   0.0506  -0.0305  -0.0681  -0.0286  -0.0740  -0.0110   0.0000  -0.0344   0.0286
   -0.0201  -0.0440  -0.0611  -0.0597   0.0362   0.0496  -0.0463   0.0601   0.0060  -0.0039
    0.0149   0.0041   0.0005  -0.1183   0.0150   0.0812   0.0483   0.0380   0.0328   0.0010
    0.0823  -0.1331   0.1021  -0.0343  -0.0167  -0.0632   0.0040   0.0717   0.0140   0.0666
   -0.0094   0.0110  -0.0841   0.0168   0.0413  -0.0356  -0.0037  -0.0331  -0.0130   0.0790
    0.0661  -0.0273  -0.0334  -0.0237   0.0788   0.0127   0.0146   0.0646  -0.0415  -0.0586
    0.0159  -0.0616   0.0419   0.0032  -0.0761  -0.0303   0.0301   0.0176   0.0560  -0.0394
   -0.0873   0.0306  -0.0782   0.0735   0.0514  -0.0801   0.0262  -0.0239   0.0046   0.0093
    0.0330  -0.0471  -0.0231  -0.0387  -0.0337   0.1208  -0.0036   0.0307   0.0710  -0.0082
    0.0029  -0.0464   0.0879   0.0013   0.0695   0.1120  -0.0410  -0.0678   0.0158  -0.0483
    0.0991   0.0277  -0.0296  -0.0000   0.0004   0.0044   0.0353   0.0141   0.0549   0.0485
    0.0221  -0.0155  -0.0204   0.0061   0.0785   0.0189   0.0209   0.0041  -0.0042  -0.1039
    0.0667  -0.0558  -0.0420  -0.0504   0.0211  -0.0225  -0.0529   0.1087  -0.0305   0.0093
   -0.1340   0.0634  -0.0225   0.0257  -0.0611  -0.0226  -0.0652  -0.0122   0.0390  -0.0934
   -0.0360   0.0284  -0.0329   0.0538   0.0030  -0.0310  -0.0182  -0.0273   0.0371   0.0099
    0.0043   0.0123   0.0225   0.0721  -0.0336  -0.0429   0.0275   0.0015  -0.0343   0.0622
    0.1063  -0.0208  -0.0771   0.0082   0.0226   0.0651   0.0093   0.0879   0.0612   0.0007
   -0.0069  -0.1578   0.0657  -0.0823   0.0421  -0.0417   0.0028   0.0150  -0.0297   0.0298
    0.0058  -0.0443  -0.0011   0.0283   0.0080   0.0007  -0.0293   0.0315  -0.0402  -0.0383
   -0.0248  -0.1236  -0.0088  -0.0103  -0.0835  -0.0654  -0.0014   0.0468   0.0246  -0.0000
    0.0464   0.0659  -0.0297   0.0403   0.0406  -0.0800   0.0236   0.0092  -0.0010   0.0560
    0.1064   0.0693   0.0203  -0.0449  -0.0290  -0.0278   0.0351   0.1086  -0.0423   0.0048
    0.1086   0.0367  -0.0057  -0.0000   0.0338   0.0049   0.0599   0.0566   0.0838   0.0139
    0.0520  -0.0097   0.0215   0.0613  -0.0780   0.0637  -0.0757   0.0423   0.0830   0.0422
    0.0465  -0.0370  -0.0122  -0.0649  -0.0571   0.0404  -0.0845  -0.0452  -0.0063  -0.0608
   -0.0115   0.0022   0.0626  -0.0005   0.0624  -0.0026  -0.0338  -0.0103   0.0115  -0.0178
    0.0497  -0.0696  -0.0040   0.0792

--------------------------------------------------------------------------------
CHUNK 22
--------------------------------------------------------------------------------
Scheme: HDFC Small Cap Fund
Section: Asset Allocation
Source: https://groww.in/mutual-funds/hdfc-small-cap-fund-direct-growth
Last Updated: 2026-10-01

TEXT:
Asset Allocation: HDFC Multi Asset Allocation Fund Direct Growth

EMBEDDING (384-dim vector):
    0.0870  -0.1007  -0.0816  -0.0111   0.0782   0.0495   0.0290  -0.0134  -0.0305   0.0210
   -0.0298  -0.0462  -0.0433  -0.0234  -0.0157  -0.0103  -0.0646  -0.0173   0.0226   0.0048
    0.0520  -0.0600   0.0056  -0.0411   0.0940  -0.0364  -0.0274   0.0280  -0.0300  -0.0277
    0.0434   0.0739   0.0084   0.0042   0.0332   0.0662  -0.0748   0.0189  -0.0384  -0.0273
    0.0420  -0.0127  -0.0285  -0.0712   0.0643  -0.0256  -0.0366   0.0769   0.0555  -0.0570
   -0.0001  -0.0019  -0.0105   0.0119  -0.0107   0.0998  -0.0143  -0.0125   0.0631   0.0105
   -0.0490  -0.0166   0.0998  -0.0617   0.0745  -0.0104   0.0322   0.0491  -0.0369  -0.0000
   -0.0582  -0.0357  -0.0911  -0.0923  -0.0230   0.0070   0.0340   0.0449   0.0819  -0.1101
   -0.0273   0.0157   0.0593  -0.0111  -0.0232  -0.0135   0.0028  -0.1187  -0.0403  -0.0471
    0.0454   0.0252   0.0460   0.0880  -0.0670  -0.0357  -0.0553  -0.0648  -0.0532   0.0341
    0.0279  -0.0014   0.0173  -0.0491  -0.0293  -0.0629   0.0126   0.0269   0.0443  -0.0413
   -0.0010   0.0928  -0.0389  -0.0334  -0.0536   0.0172  -0.0410  -0.1218   0.0032  -0.0341
    0.0530  -0.0246  -0.0042   0.0174  -0.0312  -0.0488  -0.0660   0.0000  -0.0636  -0.0369
    0.0201   0.0262  -0.1163  -0.0701   0.0041  -0.0209  -0.0657   0.0135   0.0452   0.1147
   -0.0399   0.0038   0.0188  -0.1117   0.0228   0.1805   0.1069   0.0152  -0.0195   0.0998
    0.0426  -0.1406   0.1221  -0.0121  -0.0053  -0.0538   0.0223   0.0703   0.0144  -0.0414
   -0.0559  -0.0277  -0.0773  -0.0221  -0.0625   0.0002  -0.0492   0.0335   0.0024   0.0489
    0.0036  -0.0528  -0.0559   0.0498   0.1371   0.0326  -0.0635   0.0150  -0.0355  -0.0430
    0.0550   0.0021   0.0562   0.0134  -0.0701  -0.0039   0.0112  -0.0031  -0.0306  -0.0620
   -0.1269   0.0750  -0.0699   0.0893   0.0623  -0.0020   0.0584  -0.0027   0.0087  -0.0060
    0.0611   0.0252  -0.0167  -0.0545  -0.0213   0.1241  -0.0399   0.0327   0.0156   0.0659
    0.0482   0.0043  -0.0002   0.0202   0.0489   0.0086  -0.0663  -0.0600  -0.0028  -0.0602
    0.1041  -0.0340   0.0117  -0.0000  -0.0168   0.0484  -0.0261  -0.0202   0.0386   0.0093
    0.0026  -0.0398   0.0027  -0.0064   0.0673   0.0159  -0.0142  -0.0553  -0.0521  -0.0471
    0.0423  -0.0551  -0.0242  -0.0729   0.0014  -0.0289   0.0716   0.0505  -0.0193   0.0408
   -0.0669   0.0524   0.0108   0.0184  -0.0157  -0.0122  -0.0465   0.0391   0.0224  -0.0905
   -0.0028   0.0290  -0.0234   0.0536  -0.0002  -0.0215   0.0418  -0.0328   0.0402   0.0063
    0.0064   0.0592   0.1178   0.0062  -0.0196  -0.0295   0.0136  -0.0196  -0.0844   0.0621
    0.1022   0.0491   0.0037  -0.0046   0.0168   0.0255   0.0135   0.0897  -0.0227   0.0366
   -0.0655  -0.1146   0.0057  -0.0737   0.0654   0.0249   0.0465   0.0406  -0.0407   0.0958
    0.0364  -0.0105   0.0625   0.0601  -0.0364   0.0158  -0.0239   0.0649  -0.0503  -0.0416
    0.0223  -0.1168  -0.0491  -0.0152  -0.0491  -0.0467   0.0514   0.0159  -0.0438  -0.0000
    0.0327  -0.0094   0.0037  -0.0308  -0.0364  -0.0904  -0.0083  -0.0054   0.0695   0.0602
    0.0486   0.0395   0.0186  -0.0358  -0.0411  -0.0540  -0.0301   0.0604  -0.0483  -0.0473
    0.1085   0.0398   0.0649   0.0357   0.0643  -0.0249   0.0258  -0.0508   0.0058   0.0329
    0.0635   0.0080   0.0316   0.0540   0.0302   0.0883  -0.0222   0.0498  -0.0151   0.0337
    0.0229  -0.0588   0.0379  -0.0570   0.0101  -0.0054  -0.0608  -0.0142   0.0637  -0.0922
   -0.0109   0.0063  -0.0226   0.0117   0.0401   0.0240  -0.0268   0.0045   0.0072  -0.0126
    0.0368  -0.0979  -0.0738   0.0867

--------------------------------------------------------------------------------
CHUNK 23
--------------------------------------------------------------------------------
Scheme: HDFC Balanced Advantage Fund
Section: Expense Ratio
Source: https://groww.in/mutual-funds/hdfc-balanced-advantage-fund-direct-growth
Last Updated: 2026-10-01

TEXT:
Expense Ratio: ICICI Bank LtdFinancialEquity5.32%HDFC Bank LtdFinancialEquity4.13%Reliance Industries LtdEnergy & UtilitiesEquity3.74%State Bank of IndiaFinancialEquity3.46%Bharti Airtel LtdTechnologyEquity2.93%Axis Bank LtdFinancialEquity2.68%Larsen & Toubro LtdIndustrialsEquity2.59%GOI Sec 7.18 14/08/2033EntitiesGOI Securities1.99%NTPC LtdEnergy & UtilitiesEquity1.94%Zomato LtdTechnologyEquity1.65%Coal India LtdMaterialsEquity1.60%Infosys LtdTechnologyEquity1.59%Sun Pharmaceutical Industries LtdHealthcareEquity1.54%Kotak Mahindra Bank LtdFinancialEquity1.52%Maruti Suzuki India LtdConsumer DiscretionaryEquity1.46%HCL Technologies LtdTechnologyEquity1.24%Tata Consultancy Services LtdTechnologyEquity1.20%Life Insurance Corporation of IndiaFinancialEquity1.18%Interglobe Aviation LtdIndustrialsEquity1.18%Lupin LtdHealthcareEquity1.16%ITC LtdConsumer StaplesEquity1.02%Mahindra & Mahindra LtdConsumer DiscretionaryEquity0.87%SBI Life Insurance Company LtdFinancialEquity0.87%Hyundai Motor India Ltd.Consumer DiscretionaryEquity0.82%GAIL (India) LtdEnergy & UtilitiesEquity0.81%Embassy Office Parks REITReal EstateReal Estate Investment Trusts0.80%Divi's Laboratories LtdHealthcareEquity0.78%GOI Sec 7.18 24/07/2037EntitiesGOI Securities0.75%GOVERNMENT OF INDIA 34238 GOI 22AP64 7.34 FV RS 100EntitiesGOI Securities0.71%GOVERNMENT OF INDIA 34208 GOI 08AP34 7.1 FV RS 100EntitiesGOI Securities0.70%Bank Of BarodaFinancialEquity0.67%Net Current AssetsUnspecifiedNet Current Assets0.65%Tata Steel LtdMaterialsEquity0.65%Apar Industries LtdDiversifiedEquity0.63%Bharat Petroleum Corporation LtdEnergy & UtilitiesEquity0.63%Indusind Bank LtdFinancialEquity0.62%LIC HOUSING FINANCE LTD TR 447 7.57 NCD 18OT29 FVRS1LACFinancialBonds/Debentures0.60%Hindustan Petroleum Corporation LtdEnergy & UtilitiesEquity0.60%RepoUnspecifiedRepo0.60%Power Finance Corporation LtdFinancialEquity0.58%STATE BANK OF INDIA SR 2 7.33 BD 20SP39 FVRS1CRFinancialBonds0.56%JSW Infrastructure LtdIndustrialsEquity0.55%GOVERNMENT OF INDIA 35840 GOI 15AP65 6.9 FV RS 100EntitiesGOI Securities0.53%REC LtdFinancialEquity0.51%STATE BANK OF INDIA SR I 7.42 BD 29AG39 FVRS1CRFinancialDebenture0.51%AU Small Finance Bank LtdFinancialEquity0.50%Brookfield India Real Estate Trust REITReal EstateReal Estate Investment Trusts0.50%PIPELINE INFRASTRUCTURE LIMITED SR 3 7.96 NCD 11MR29 FVRS1LACIndustrialsDebenture0.48%Jindal Steel & Power LtdMaterialsEquity0.47%Cholamandalam Investment & Finance Company LtdFinancialEquity0.47%Ultratech Cement LtdMaterialsEquity0.46%Ipca Laboratories LtdHealthcareEquity0.46%Hindustan Aeronautics LtdIndustrialsEquity0.44%Canara HSBC Life Insurance Company Ltd.FinancialEquity0.43%Aurobindo Pharma LtdHealthcareEquity0.43%Bajaj Auto LtdConsumer DiscretionaryEquity0.43%TORRENT POWER LIMITED SR 15 TR D 8.20 NCD 24JU36 FVRS1LACEnergy & UtilitiesNon Convertible Debenture0.41%Kaynes Technology India LtdIndustrialsEquity0.39%Britannia Industries LtdConsumer StaplesEquity0.39%Vishal Mega Mart Ltd.Consumer StaplesEquity0.39%Techno Electric & Engineering Company LtdIndustrialsEquity0.39%Dynamatic Technologies LtdConsumer DiscretionaryEquity0.39%BEML LtdIndustrialsEquity0.39%WeWork India Management Ltd.IndustrialsEquity0.39%Bajaj Finserv LtdFinancialEquity0.38%SMALL INDUSTRIES DEVELOPMENT BANK OF INDIA SR VII 7.42 BD 12MR29 FVRS1LACFinancialBonds/NCDs0.37%Apollo Tyres LtdConsumer DiscretionaryEquity0.37%Bharat Forge LtdConsumer DiscretionaryEquity0.37%REC LIMITED SR 201B 6.90 BD 31MR31 FVRS10LACFinancialDebenture0.36%Gujarat Pipavav Port LtdIndustrialsEquity0.36%SMALL INDUSTRIES DEVELOPMENT BANK OF INDIA SR V 7.83 BD 24NV28 FVRS1LACFinancialDebenture0.35%Five-Star Business Finance LtdFinancialEquity0.33%HDFC BANK LIMITED SR AA010 7.80 NCD 06SP32 FVRS10LACFinancialDebenture0.33%INDIAN RAILWAY FINANCE CORPORATION LIMITED SR 179 7.44 BD 13JU34 FVRS1LACFinancialBonds0.32%STATE DEVELOPMENT LOAN 36823 GUJ 17DC34 7.27 FV RS 100IndustrialsState Development Loan0.32%Titagarh Wagons LtdIndustrialsEquity0.32%HOUSING AND URBAN DEVELOPMENT CORPORATION LIMITED SR E 7.29 NCD 12FB35 FVRS1LACFinancialNon Convertible Debenture0.32%Hindustan Unilever LtdConsumer StaplesEquity0.31%BAJAJ FINANCE LIMITED 7.55 NCD 03AP35 FVRS1LACFinancialBonds/NCDs0.31%Bosch LtdConsumer DiscretionaryEquity0.31%Ambuja Cements LtdMaterialsEquity0.31%Rubicon Research Ltd.HealthcareEquity0.30%United Spirits LtdConsumer StaplesEquity0.29%INVIT POWERGRID INFRASTRUCTURE INVESTMENT TRUSTIndustrialsInfrastructure Investment Trust0.29%Savita Oil Technologies LtdMaterialsEquity0.29%Mphasis LtdTechnologyEquity0.28%Oil & Natural Gas Corporation LtdEnergy & UtilitiesEquity0.28%HEXAWARE TECHNOLOGIES LIMITED EQ NEW FV RS.2/-TechnologyEquity0.28%BAJAJ FINANCE LIMITED 7.82% NCD 31JN34 FVRS1LACFinancialDebenture0.28%ULTRATECH CEMENT LIMITED SR I 7.22 NCD 02FB29 FVRS1LACMaterialsNon Convertible Debenture0.28%MUTHOOT FINANCE LIMITED RR NCD 04SP29 FVRS1LACFinancialNon Convertible Debenture0.28%HDFC BANK LIMITED SR US006 7.75 NCD 13JU33 FVRS1LACFinancialDebenture0.27%JAMNAGAR UTILITIES & POWER PRIVATE LIMITED SR PPD7 7.90 LOA 10AG28 FVRS1LACIndustrialsDebenture0.27%Kalpataru Power Transmission LtdIndustrialsEquity0.25%Bharat Dynamics LtdIndustrialsEquity0.25%Mishra Dhatu Nigam LtdMaterialsEquity0.25%Lakshmi Machine Works LtdIndustrialsEquity0.24%GOVERNMENT OF INDIA 31909 GOI 22AG32 7.26 FV RS 100EntitiesGOI Securities0.24%Aavas Financiers LtdFinancialEquity0.24%Godrej Properties LtdReal EstateEquity0.23%HDB FINANCIAL SERVICES LIMITED SR A/1 FX 198 7.988 LOA 08DC26 FVRS1LACFinancialDebenture0.23%LIC HOUSING FINANCE LTD TR 439 7.73 NCD 22MR34 FVRS 1LACFinancialNon Convertible Debenture0.23%NATIONAL BANK FOR AGRICULTURE AND RURAL DEVELOPMENT SR 25E 7.53 BD 24MR28 FVRS1LACFinancialBonds0.23%BAJAJ HOUSING FINANCE LIMITED 7.66 NCD 20MR28 FVRS1LACFinancialDebenture0.23%BAJAJ HOUSING FINANCE LIMITED 7.89 NCD 14JL34 FVRS1LACFinancialDebenture0.23%BANK OF BARODA SR XXV 7.75 BD 21DC33 FVRS1CRFinancialBonds0.23%BAJAJ FINANCE LIMITED 7.57 NCD 03AP30 FVRS1LACFinancialNon Convertible Debenture0.23%PUNJAB NATIONAL BANK SR III 7.34 BD 14FB35 FVRS1LACFinancialBonds0.23%Alkem Laboratories LtdHealthcareEquity0.23%BANK OF BARODA CD 06JAN27FinancialCertificate of Deposit0.23%J Kumar Infraprojects LtdIndustrialsEquity0.23%INDIA UNIVERSAL TRUST AL1 SERIES A3 PTC 25SEP24UnspecifiedSecuritised Debt0.21%NHPC LtdEnergy & UtilitiesEquity0.21%Trent LtdConsumer DiscretionaryEquity0.21%Time Technoplast LtdMaterialsEquity0.21%NATIONAL HOUSING BANK 7.35 BD 02JN32 FVRS1LACFinancialBonds0.21%Glenmark Pharmaceuticals LtdHealthcareEquity0.20%Billionbrains Garage Ventures Ltd.FinancialEquity0.20%CHOLAMANDALAM INVESTMENT AND FINANCE COMPANY LIMITED SR SD72 9.10 NCD 27JU31 FVRS1LACFinancialNon Convertible Debenture0.19%Tech Mahindra LtdTechnologyEquity0.19%STATE BANK OF INDIA SR I 7.81 BD 02NV38 FVRS1CRFinancialDebenture0.19%INDIAN RAILWAY FINANCE CORPORATION LIMITED SR 175 7.57 BD 18AP29 FVRS1LACFinancialNon Convertible Debenture0.19%NATIONAL HOUSING BANK 7.59 BD 08SP27 FVRS1LACFinancialNon Convertible Debenture0.19%PCBL LtdMaterialsEquity0.19%LIC HOUSING FINANCE LTD TR 446 7.65 NCD 19AG31 FVRS1LACFinancialNon Convertible Debenture0.18%SUNDARAM FINANCE LIMITED SR Z7 7.24 NCD 14FB28 FVRS1LACFinancialDebenture0.18%NATIONAL BANK FOR AGRICULTURE AND RURAL DEVELOPMENT SR 25D 7.40 BD 29AP30 FVRS1LACFinancialBonds0.18%MAHANAGAR TELEPHONE NIGAM LIMITED.

EMBEDDING (384-dim vector):
    0.0258  -0.0254  -0.0914   0.0247   0.0417  -0.0247   0.1061   0.0456   0.0080  -0.0456
   -0.0069  -0.1252   0.0276   0.0313  -0.0463  -0.0585   0.0488  -0.0552  -0.0291   0.0226
   -0.0128  -0.0060   0.0378  -0.0710   0.0268  -0.0448   0.0101   0.0667  -0.0463  -0.0537
   -0.0796   0.0784  -0.0412  -0.0062   0.0637  -0.0219  -0.0686  -0.0111   0.0657  -0.0446
   -0.0259   0.0057  -0.0452  -0.0569   0.0322  -0.0253  -0.0250  -0.0163   0.0092   0.0891
    0.0002   0.0318   0.0185  -0.0174  -0.0737  -0.0884  -0.0872  -0.0364   0.0263  -0.0072
   -0.0346   0.0390   0.0109   0.0078   0.0569   0.0013  -0.0437   0.0341  -0.0676  -0.0324
   -0.0234  -0.1217  -0.0318  -0.0012  -0.1094   0.0766   0.1139   0.0647  -0.0133  -0.0857
   -0.0061   0.0083   0.0558   0.0627  -0.0602  -0.0066   0.0007  -0.0169   0.0336  -0.0370
    0.0816   0.0725   0.0336   0.0211   0.0407  -0.0666  -0.0604   0.0243  -0.0045  -0.0096
    0.0385   0.0062  -0.0003  -0.0013  -0.1216  -0.0641   0.0709   0.0521   0.1461   0.0051
   -0.0485   0.0540  -0.0363  -0.0746   0.0132   0.0061  -0.0804  -0.0105   0.0866   0.0181
    0.0135   0.0625  -0.0217  -0.0336  -0.0247  -0.0616  -0.0781   0.0000  -0.0688   0.0721
    0.0546  -0.0381  -0.0914   0.0066  -0.0311   0.0335  -0.0105   0.0131  -0.1168   0.0496
   -0.0728  -0.0580   0.0333  -0.0002  -0.0244   0.0182   0.0201  -0.0115  -0.0397  -0.0002
    0.0882   0.0173   0.0788  -0.0268   0.0534   0.0223  -0.0017   0.0251   0.0843  -0.0108
   -0.0521  -0.0506  -0.0548  -0.0203  -0.0444   0.0241  -0.0499   0.0409  -0.0648  -0.0032
   -0.0364  -0.0236  -0.0397  -0.0044   0.0566   0.0256   0.0264  -0.0267  -0.1663   0.0113
   -0.0715  -0.0072   0.0524  -0.0289   0.0009  -0.0491   0.0455   0.0555  -0.0860  -0.0368
   -0.0778  -0.0406   0.0203   0.0505   0.0191  -0.0146  -0.0156  -0.0025  -0.0321  -0.0633
    0.0734   0.0916  -0.0087   0.0087  -0.0423   0.0253   0.0120   0.0421  -0.0305  -0.0075
    0.0125  -0.0535   0.0348  -0.0130   0.1235  -0.1009  -0.0277  -0.0304   0.0046  -0.0399
   -0.0086  -0.0231  -0.0127  -0.0000   0.0204   0.0339   0.0199  -0.0031  -0.0303  -0.0162
    0.0223  -0.0410   0.0560   0.1010   0.0114   0.0811  -0.0038  -0.0439  -0.0138  -0.0024
    0.0022   0.0136  -0.0002  -0.0162  -0.0156   0.0397   0.0074   0.0228  -0.0632   0.0666
   -0.1193  -0.0040   0.0625   0.0378  -0.0256  -0.0156  -0.0564   0.0922  -0.0425  -0.0650
    0.0429   0.0378  -0.0013   0.0564   0.0038  -0.0335  -0.0404   0.0092   0.0098  -0.1062
   -0.0075  -0.0667   0.0870  -0.0341   0.0616   0.0416  -0.0558   0.0325  -0.0255   0.0407
    0.0465   0.0168  -0.0441  -0.1087   0.1026   0.0886   0.0552   0.0380   0.0224  -0.0511
    0.0540   0.0281   0.0744  -0.0831  -0.0273  -0.0774   0.0056  -0.0691  -0.0126   0.0815
    0.0252  -0.0689   0.0204  -0.0084   0.0690  -0.0071   0.0235   0.0474  -0.0616  -0.0335
    0.0561  -0.0277   0.0223   0.0290  -0.0596  -0.0456   0.0956   0.0688  -0.0381  -0.0000
   -0.0117  -0.0517   0.0199   0.0090   0.0516  -0.0195  -0.0312   0.0783   0.0172   0.0677
    0.0387   0.0030  -0.0799  -0.0044  -0.0813  -0.0499  -0.0788   0.1017   0.0348  -0.0042
    0.0131   0.0589  -0.0269  -0.0294   0.0188  -0.0844  -0.0301  -0.0441   0.0326   0.0449
   -0.0577  -0.0110   0.0901  -0.1114  -0.0226   0.0170   0.0341   0.0169   0.0230   0.0489
   -0.0425  -0.0506   0.0024   0.0267   0.0664  -0.0699  -0.0835  -0.0016   0.0549  -0.1464
   -0.0321   0.0034  -0.0161   0.0024  -0.0321   0.0164  -0.0866   0.0269  -0.0408   0.0375
    0.0417  -0.0574  -0.0001  -0.0862

--------------------------------------------------------------------------------
CHUNK 24
--------------------------------------------------------------------------------
Scheme: HDFC Balanced Advantage Fund
Section: Expense Ratio
Source: https://groww.in/mutual-funds/hdfc-balanced-advantage-fund-direct-growth
Last Updated: 2026-10-01

TEXT:
SR VIII TR C 7.80 BD 07NV33 FVRS1LACTechnologyNon Convertible Debenture0.18%Tega Industries LtdIndustrialsEquity0.18%STATE DEVELOPMENT LOAN 36288 MP 06AG43 7.22 FV RS 100UnspecifiedState Development Loan0.18%Ashoka Buildcon LtdIndustrialsEquity0.18%Suven Pharmaceuticals LtdHealthcareEquity0.18%CESC LtdEnergy & UtilitiesEquity0.17%Ashok Leyland LtdIndustrialsEquity0.17%Tata Motors LtdIndustrialsEquity0.17%Crompton Greaves Consumer Electricals LtdConsumer DiscretionaryEquity0.16%CHOLAMANDALAM INVESTMENT AND FINANCE COMPANY LIMITED SR SD80 8.88 NCD 25JU33 FVRS1LACFinancialNon Convertible Debenture0.16%INDIAN RAILWAY FINANCE CORPORATION LIMITED SR 180 7.39 BD 15JL34 FVRS1LACFinancialDebenture0.16%Asian Paints LtdMaterialsEquity0.16%7.35% RECL 31 JULY 2034FinancialBonds0.15%Garden Reach Shipbuilders & Engineers LtdIndustrialsEquity0.15%NATIONAL BANK FOR AGRICULTURE AND RURAL DEVELOPMENT SR 24E 7.80 BD 15MR27 FVRS1LACFinancialDebenture0.15%STATE DEVELOPMENT LOAN 36290 MP 06AG48 7.22 FV RS 100UnspecifiedState Development Loan0.15%LIC HOUSING FINANCE LTD TR 438 7.8350 NCD 11MY27 FVRS1LACFinancialDebenture0.14%CG Power & Industrial Solutions LtdIndustrialsEquity0.14%Shriram Transport Finance Company LtdFinancialEquity0.14%SMALL INDUSTRIES DEVELOPMENT BANK OF INDIA SR VI 7.79 BD 14MY27 FVRS1LACFinancialDebenture0.14%NATIONAL BANK FOR AGRICULTURE AND RURAL DEVELOPMENT SR 23I 7.62 LOA 31JN28 FVRS1LACFinancialDebenture0.14%Cipla LtdHealthcareEquity0.14%LIC HOUSING FINANCE LTD TR 451 7.66 NCD 11DC29 FVRS 1LACFinancialBonds0.14%MUTHOOT FINANCE LIMITED RR NCD 26JL29 FVRS1LACFinancialDebenture0.14%INDIAN RAILWAY FINANCE CORPORATION LIMITED SR 192 BD 01DC35 FVRS1LACFinancialBonds0.14%POWER GRID CORPORATION OF INDIA LIMITED SR LXXX 7.12 BD 24DC34 FVRS1LACEnergy & UtilitiesBonds0.14%YES BANK LIMITED CD 11MAR27FinancialCertificate of Deposit0.13%India Universal Trust AL1 Sec.

EMBEDDING (384-dim vector):
   -0.0343  -0.0355  -0.0885  -0.0039   0.0189   0.0431  -0.0001   0.1352  -0.0081  -0.0226
    0.0236  -0.0109   0.0091   0.0183  -0.0494  -0.0306   0.0305  -0.0504  -0.0157  -0.0189
   -0.0158  -0.0163  -0.0104  -0.0619   0.0443   0.0219   0.0011   0.0950  -0.0547  -0.0652
   -0.0569   0.0560   0.0079  -0.0164   0.0414   0.0228  -0.0506  -0.0024  -0.0310  -0.0254
   -0.0263  -0.0645  -0.0256  -0.0464   0.0375  -0.0741   0.0032  -0.0478  -0.0155   0.0097
   -0.0288   0.0488  -0.0154   0.0218  -0.0202  -0.0494  -0.0720  -0.0153   0.0293   0.0048
    0.0021  -0.0008   0.0250  -0.0225   0.0466  -0.0208  -0.0611  -0.0010  -0.0038  -0.0264
   -0.0144  -0.0260   0.0381  -0.0302  -0.0637   0.0116   0.0681   0.0529   0.0451  -0.1253
   -0.0727  -0.0278  -0.0150   0.0016  -0.0461   0.0627   0.0880  -0.0261   0.0491   0.0053
    0.0725   0.0820  -0.0530   0.0497  -0.0658  -0.0110  -0.0324   0.0336  -0.0199   0.0179
    0.0239   0.0426  -0.0398  -0.0254  -0.1374  -0.0314   0.0160   0.0834   0.0427  -0.0712
   -0.0545   0.0613  -0.0064  -0.0790  -0.0187  -0.0308  -0.0910  -0.0224   0.0922   0.0098
    0.0468   0.0471   0.0001   0.0424  -0.0362  -0.0724   0.0001   0.0000  -0.0764   0.0317
    0.0225   0.0048  -0.0656  -0.0012  -0.0092   0.0372  -0.0872  -0.0005  -0.0462  -0.0332
   -0.0555  -0.0583   0.0364  -0.0215  -0.0602  -0.0207   0.0126  -0.0274  -0.0095   0.0452
    0.0280   0.0011   0.0247  -0.0223   0.0454   0.0219  -0.0369   0.0432   0.0512   0.0376
   -0.0684  -0.0337  -0.1081  -0.0311  -0.0872  -0.0601  -0.1067   0.0290   0.0313   0.0188
   -0.0542  -0.0065   0.0193  -0.0257   0.0523   0.0858   0.0287   0.0589  -0.1097   0.0578
    0.0171  -0.0058  -0.0175   0.0209  -0.0041  -0.0184   0.0574   0.0395  -0.0904   0.0093
   -0.0992  -0.0144  -0.0134   0.0636   0.0303  -0.0163   0.0484  -0.0380  -0.0488  -0.0993
    0.0671   0.0623   0.0203  -0.0437   0.0011   0.0772   0.0626  -0.0486  -0.1268   0.0493
   -0.0124  -0.0368   0.1278   0.0065   0.0080  -0.1061   0.0239  -0.0010  -0.0293  -0.0653
   -0.0489  -0.0039   0.0067  -0.0000   0.0337   0.0577  -0.0414   0.0416  -0.0221   0.0130
    0.0439  -0.0165   0.0786   0.0838   0.0985   0.0016  -0.0095  -0.0229  -0.0129  -0.0033
    0.0052  -0.0337   0.0251   0.0031   0.0049   0.1097   0.0163   0.0618  -0.0037   0.0730
   -0.0774   0.0310  -0.0350   0.0211   0.0263  -0.0122  -0.1295   0.1480  -0.1063  -0.1110
    0.0662   0.0198   0.0132   0.0888   0.0308   0.0021   0.0060   0.0770  -0.0787  -0.0971
    0.0694  -0.0379   0.1034   0.0269   0.0340   0.0186  -0.0444   0.0167   0.0365  -0.0102
    0.0693   0.0300  -0.0598  -0.0100   0.1472   0.0790   0.0426  -0.0139   0.0671  -0.0306
    0.0019   0.0286   0.0713  -0.0936   0.0495  -0.0624   0.0126  -0.0515   0.0419   0.0016
    0.0494  -0.0018  -0.0048  -0.0223   0.0239  -0.0108   0.0174   0.0424  -0.0011  -0.0092
   -0.0170   0.0216   0.0895   0.0106  -0.0169   0.0561   0.1003   0.0096  -0.0346  -0.0000
   -0.0613   0.0495  -0.0188   0.0173   0.0841  -0.0389  -0.0102   0.0002  -0.0365   0.0074
    0.0435  -0.0281  -0.0850  -0.0206  -0.0895  -0.0545  -0.0565   0.0997  -0.0340  -0.0535
   -0.0009  -0.0183  -0.0058   0.0531  -0.0109  -0.1123  -0.0345  -0.0282   0.0722   0.0438
   -0.0495   0.0084   0.1236  -0.0671   0.0035   0.0237   0.0405   0.0475   0.0092  -0.0036
   -0.0305  -0.1125  -0.0128   0.0050   0.0586   0.0010  -0.1205  -0.0098   0.0172  -0.1101
   -0.0303  -0.0154  -0.0373  -0.0055  -0.0258  -0.0040  -0.0892   0.0411  -0.0102  -0.0550
    0.0555  -0.0787   0.0047  -0.0679

--------------------------------------------------------------------------------
CHUNK 25
--------------------------------------------------------------------------------
Scheme: HDFC Balanced Advantage Fund
Section: Expense Ratio
Source: https://groww.in/mutual-funds/hdfc-balanced-advantage-fund-direct-growth
Last Updated: 2026-10-01

TEXT:
Debt 8.09 21/11/2027UnspecifiedSecuritised Debt0.13%HDFC Life Insurance Co LtdFinancialEquity0.13%INDIAN RAILWAY FINANCE CORPORATION LIMITED SR 187 7.28 BD 14FB40 FVRS1LACFinancialBonds0.13%DLF LtdReal EstateEquity0.13%SUNDARAM FINANCE LIMITED SR Z8 7.45 NCD 16MR29 FVRS1LACFinancialDebenture0.13%TATA CAPITAL HOUSING FINANCE LIMITED SR D OP II 7.8 NCD 05AG27 FVRS10LACFinancialDebenture0.12%Gujarat Industries Power Company LtdEnergy & UtilitiesEquity0.12%Aditya Birla Sun Life AMC LtdFinancialEquity0.12%HOUSING AND URBAN DEVELOPMENT CORPORATION LIMITED SR F 7.37 NCD 12MR35 FVRS1LACFinancialNon Convertible Debenture0.11%Info Edge (India) LtdTechnologyEquity0.11%GOVERNMENT OF INDIA 34733 GOI 05AG54 7.09 FV RS 100EntitiesGOI Securities0.11%Bandhan Bank LtdFinancialEquity0.11%SBI Cards & Payments Services LtdFinancialEquity0.11%BAJAJ HOUSING FINANCE LIMITED NCD 7.50 09AP35 FVRS1LACFinancialNon Convertible Debenture0.11%Tata Motors LtdConsumer DiscretionaryEquity0.11%Jio Financial Services LimitedFinancialEquity0.11%JAMNAGAR UTILITIES & POWER PRIVATE LIMITED SR PPD8 7.43 LOA 24OT34 FVRS1LACIndustrialsDebenture0.11%PIPELINE INFRASTRUCTURE LIMITED SR 2 7.96 NCD 11MR28 FVRS1ACIndustrialsDebenture0.11%Dr.

EMBEDDING (384-dim vector):
   -0.0074  -0.0099  -0.0685   0.0236  -0.0167   0.0316   0.0241   0.0763  -0.0208  -0.0034
    0.0135  -0.0449  -0.0118   0.0107  -0.0423  -0.0475   0.0308  -0.0263  -0.0082   0.0400
    0.0157   0.0500  -0.0280  -0.0867   0.0485  -0.0114  -0.0198   0.1083  -0.0311  -0.0692
   -0.0022   0.0848   0.0103  -0.0153   0.0320   0.0357  -0.0032  -0.0495  -0.0051  -0.0434
   -0.0098  -0.0148  -0.0422  -0.0448   0.0314  -0.0555  -0.0095  -0.0462  -0.0016  -0.0070
   -0.0315   0.0489  -0.0102   0.0472  -0.0238  -0.0145  -0.0054  -0.0495   0.0251   0.0167
    0.0108   0.0123   0.0349  -0.0037   0.1084  -0.0347  -0.0129   0.0332  -0.0649  -0.0481
   -0.0053  -0.0643  -0.0415   0.0038  -0.0642   0.0067   0.0488   0.0582   0.0073  -0.0954
   -0.0673  -0.0248   0.0224   0.0137  -0.1048   0.0262  -0.0061  -0.0259   0.0308  -0.0051
    0.0897   0.0913  -0.0245   0.0390  -0.0673  -0.0457  -0.0856  -0.0068  -0.0296   0.0220
    0.0072  -0.0021  -0.0438  -0.0284  -0.1199  -0.0437   0.0875   0.0352   0.0458  -0.0649
   -0.0506   0.0719  -0.0341  -0.0856  -0.0153  -0.0382  -0.0707  -0.0170   0.0779  -0.0202
    0.0472   0.0574  -0.0081   0.0665  -0.0103  -0.0626  -0.0301   0.0000  -0.0484   0.0047
    0.0424  -0.0015  -0.0266  -0.0249  -0.0351   0.0372  -0.0429   0.0023  -0.0383  -0.0443
   -0.0034  -0.0793   0.0493  -0.0124  -0.0830  -0.0277   0.0280   0.0068  -0.0015   0.0286
    0.0936  -0.0269   0.0386  -0.0564   0.0471   0.0025  -0.0311   0.0258   0.0311   0.0405
   -0.0552  -0.0350  -0.0851   0.0025  -0.0546  -0.0327  -0.1162   0.0118   0.0255  -0.0066
   -0.0448   0.0042   0.0193   0.0312   0.0653   0.0429   0.0349   0.0464  -0.1107   0.0110
   -0.0566   0.0139  -0.0437   0.0502  -0.0177  -0.0245   0.0674   0.0475  -0.0894  -0.0772
   -0.0453  -0.0473   0.0043   0.0832   0.0397   0.0200   0.0643  -0.0262  -0.0604  -0.0862
    0.0668   0.1072   0.0226  -0.0550  -0.0522   0.0778   0.0268   0.0037  -0.0517   0.0452
   -0.0040  -0.0383   0.1633   0.0075   0.0712  -0.1190  -0.0000   0.0004  -0.0191  -0.0456
   -0.0050   0.0067   0.0164  -0.0000  -0.0155   0.0449  -0.0917  -0.0034  -0.0312   0.0012
   -0.0162  -0.0423   0.0356   0.0702   0.0522   0.0260  -0.0209   0.0011  -0.0058  -0.0014
   -0.0013  -0.0603   0.0011   0.0070  -0.0260   0.0861  -0.0511   0.0593  -0.0238   0.0735
   -0.1097   0.0502   0.0247   0.0120  -0.0252  -0.0260  -0.1184   0.1084  -0.0514  -0.1015
    0.0849  -0.0207  -0.0210   0.0719   0.0117   0.0208  -0.0099   0.0012  -0.0161  -0.0923
    0.0380  -0.0835   0.0475   0.0329   0.0676   0.0500  -0.0685   0.0698   0.0323  -0.0363
    0.1091   0.0127  -0.0554  -0.0585   0.1232   0.1067   0.0475   0.0150   0.0669  -0.0402
    0.0207  -0.0355   0.0243  -0.0634  -0.0332  -0.0665   0.0120  -0.0359   0.0117   0.0650
    0.0535   0.0105   0.0017   0.0020   0.0152  -0.0067   0.0075   0.0548  -0.0186  -0.0831
    0.0261  -0.0173   0.0626   0.0283  -0.0192   0.0320   0.0911   0.0380  -0.0069  -0.0000
   -0.0776  -0.0232  -0.0430   0.0053   0.0948  -0.0328  -0.0022   0.0059  -0.0397  -0.0164
    0.0607   0.0404  -0.0661  -0.0339  -0.1116  -0.0793  -0.0783   0.0620  -0.0190  -0.0148
    0.0115  -0.0098  -0.0260   0.0209  -0.0167  -0.1007  -0.0275  -0.0101   0.1150   0.0397
   -0.0490  -0.0051   0.0790  -0.1012   0.0130   0.0559   0.0680   0.0574   0.0564   0.0435
   -0.0203  -0.1047   0.0082   0.0107   0.0792  -0.0168  -0.1216  -0.0334   0.1064  -0.1487
   -0.0251   0.0076  -0.0293   0.0156  -0.0404   0.0122  -0.1060   0.0481  -0.0202  -0.0392
    0.0646  -0.0896  -0.0249  -0.0333

--------------------------------------------------------------------------------
CHUNK 26
--------------------------------------------------------------------------------
Scheme: HDFC Balanced Advantage Fund
Section: Expense Ratio
Source: https://groww.in/mutual-funds/hdfc-balanced-advantage-fund-direct-growth
Last Updated: 2026-10-01

TEXT:
Reddy's Laboratories LtdHealthcareEquity0.11%Whirlpool Of India LtdConsumer DiscretionaryEquity0.11%LG Electronics India Ltd.Consumer DiscretionaryEquity0.11%Swiggy Ltd.TechnologyEquity0.11%Avenue Supermarts LtdConsumer StaplesEquity0.10%Blue Dart Express LtdIndustrialsEquity0.10%GOVERNMENT OF INDIA 33071 GOI 19JU53 7.3 FV RS 100EntitiesGOI Securities0.10%REC LIMITED SR 199 7.96 BD 15JU30 FVRS10LACFinancialNon Convertible Debenture0.10%POWER FINANCE CORPORATION LIMITED SR 246B 7.38 BD 15JN32 FVRS1LACFinancialBonds0.10%JSW Energy LtdEnergy & UtilitiesEquity0.10%LIC Housing Finance Ltd Debenture 8.75 08/12/2028FinancialDebenture0.10%7.71% GOI 18-May-2066EntitiesGOI Securities0.09%KOTAK MAHINDRA INVESTMENTS LIMITED 8.1929 NCD 28JN27 FVRS1LACFinancialBonds/NCDs0.09%SMALL INDUSTRIES DEVELOPMENT BANK OF INDIA SR IV 7.79 BD 19AP27 FVRS1LACFinancialBonds0.09%NATIONAL HOUSING BANK 7.51 BD 04AP31 FVRS1LACFinancialBonds/NCDs0.09%NATIONAL HOUSING BANK 7.59 BD 14JL27 FVRS1LACFinancialDebenture0.09%LIC HOUSING FINANCE LTD TR 440 7.87 NCD 14MY29 FVRS1LACFinancialDebenture0.09%TOYOTA FINANCIAL SERVICES INDIA LIMITED SR S40 8.15 LOA 07SP26 FVRS1LACFinancialDebenture0.09%LIC HOUSING FINANCE LIMITED TR- 353 7.75 LOA 23NV27 FVRS10LACFinancialNon Convertible Debenture0.09%BAJAJ FINANCE LIMITED 8.08 NCD 20MY36 FVRS1LACFinancialDebenture0.09%LIC HOUSING FINANCE LIMITED TR 434 OP I 7.70 LOA 16MY28 FVRS10LACFinancialDebenture0.09%LIC HOUSING FINANCE LIMITED TR 417 OPT I 6.40 LOA 30NV26 FVRS10LACFinancialDebenture0.09%CHOLAMANDALAM INVESTMENT AND FINANCE COMPANY LIMITED SR 665 RR NCD 27FB29 FVRS1LACFinancialDebenture0.09%SMALL INDUSTRIES DEVELOPMENT BANK OF INDIA SR I 7.61 BD 10AG29 FVRS1LACFinancialBonds0.09%INDIAN RAILWAY FINANCE CORPORATION LIMITED SR 181 7.37 BD 31JL29 FVRS1LACFinancialNon Convertible Debenture0.09%Jubilant FoodWorks LtdConsumer DiscretionaryEquity0.09%TATA CAPITAL LIMITED SR B RR NCD 21FB29 FVRS1LACFinancialNon Convertible Debenture0.09%STATE DEVELOPMENT LOAN 36384 AP 03SP37 7.63 FV RS 100FinancialState Development Loan0.09%POWER FINANCE CORPORATION LIMITED SR 247A 7.44 BD 15JN30 FVRS1LACFinancialBonds0.09%NATIONAL BANK FOR AGRICULTURE AND RURAL DEVELOPMENT SR 26F 7.44 BD 17JL29 FVRS1LACFinancialBonds0.09%POWER FINANCE CORPORATION LIMITED SR 258A 6.92 BD 16FB28 FVRS1LACFinancialDebenture0.09%HOUSING AND URBAN DEVELOPMENT CORPORATION LIMITED SR D 6.64 NCD 17JL28 FVRS1LACFinancialNon Convertible Debenture0.09%POWER FINANCE CORPORATION LIMITED SR 247B 7.40 BD 15JN35 FVRS1LACFinancialBonds0.09%NATIONAL BANK FOR AGRICULTURE AND RURAL DEVELOPMENT SR 25F 7.37 BD 28MY35 FVRS1LACFinancialBonds0.09%Indraprastha Gas LtdEnergy & UtilitiesEquity0.09%STATE DEVELOPMENT LOAN 36558 MP 01OT45 7.48 FV RS 100UnspecifiedState Development Loan0.09%BAJAJ FINANCE LIMITED 7.70 NCD 04OT34 FVRS1LACFinancialBonds/Debentures0.09%UNION BANK OF INDIA CD 19JAN27FinancialCertificate of Deposit0.09%STATE DEVELOPMENT LOAN 30969 MP 17NV41 6.99 FV RS 100UnspecifiedState Development Loan0.09%STATE DEVELOPMENT LOAN 36739 GUJ 26NV33 7.07 FV RS 100IndustrialsState Development Loan0.08%UTI Asset Management Company LtdFinancialEquity0.08%Tenneco Clean Air India Ltd.Consumer DiscretionaryEquity0.08%Texmaco Rail & Engineering LtdIndustrialsEquity0.07%REC LIMITED SR 233 7.53 BD 31MY34 FVRS1LACFinancialBonds0.07%STATE DEVELOPMENT LOAN 36381 AP 03SP33 7.48 FV RS 100FinancialState Development Loan0.07%Aegis Vopak Terminals Ltd.Energy & UtilitiesEquity0.07%Zee Entertainment Enterprises LtdConsumer DiscretionaryEquity0.07%Indian Railway Finance Corporation Ltd Debenture 7.49 30/05/2027FinancialDebenture0.07%INDIAN RAILWAY FINANCE CORPORATION LIMITED SR 178 7.46 BD 18JU29 FVRS1LACFinancialNon Convertible Debenture0.07%SMALL INDUSTRIES DEVELOPMENT BANK OF INDIA SR V 7.22 BD 10AP29 FVRS1LACFinancialDebenture0.07%L&T METRO RAIL (HYDERABAD) LIMITED 7.55 NCD 28AP35 FVRS1LACIndustrialsNon Convertible Debenture0.07%GOVERNMENT OF INDIA 36320 GOI 18AG55 7.24 FV RS 100EntitiesGOI Securities0.07%Home First Finance Company India LtdFinancialEquity0.07%STATE DEVELOPMENT LOAN 36720 RAJ 19NV37 7.29 FV RS 100UnspecifiedState Development Loan0.06%PB Fintech LtdFinancialEquity0.06%NUVOCO Vistas Corp LtdMaterialsEquity0.06%STATE DEVELOPMENT LOAN 36383 AP 03SP36 7.62 FV RS 100FinancialState Development Loan0.06%ITC Hotels LtdConsumer DiscretionaryEquity0.06%Vodafone Idea LtdTechnologyEquity0.06%Milky Mist Dairy Food Ltd.Consumer StaplesEquity0.06%Housing & Urban Development Corporation LtdFinancialEquity0.06%STATE DEVELOPMENT LOAN 36382 AP 03SP34 7.48 FV RS 100FinancialState Development Loan0.06%IIFL Wealth Management LtdFinancialEquity0.06%Torrent Power LtdEnergy & UtilitiesEquity0.05%HDFC BANK LIMITED SR Y005 6.83 NCD 08JN31 FVRS10LACFinancialNon Convertible Debenture0.05%BHARTI TELECOM LIMITED SR XXIX 7.75 NCD 29FB28 FVRS1LACTechnologyDebenture0.05%Persistent Systems LtdTechnologyEquity0.05%Westlife Development LtdConsumer DiscretionaryEquity0.05%Bharti Hexacom Ltd.TechnologyEquity0.05%STATE DEVELOPMENT LOAN 37672 TN 15JL34 7.39 FV RS 100UnspecifiedState Development Loan0.05%STATE DEVELOPMENT LOAN 33844 GUJ 17JN33 7.64 FV RS 100IndustrialsState Development Loan0.05%GRASIM INDUSTRIES LIMITED SR II 7.63 LOA 01DC27 FVRS10LACMaterialsBonds0.05%NATIONAL BANK FOR AGRICULTURE AND RURAL DEVELOPMENT SR 24C 7.83 BD 30DC26 FVRS1LACFinancialBonds/NCDs0.05%7.90% LIC Housing Finance Ltd NCD 23-06-2027FinancialBonds0.05%HDFC BANK LIMITED SR US003 7.70 NCD 16MY28 FVRS1LACFinancialDebenture0.05%GRASIM INDUSTRIES LIMITED SR I 7.50 LOA 10JU27 FVRS10LACMaterialsDebenture0.05%Union Bank of India SR-XX Additional Tier 1 Bo 9.50FinancialAdditional Tier 1 Bond0.05%SMALL INDUSTRIES DEVELOPMENT BANK OF INDIA SR III 7.55 BD 22SP26 FVRS1LACFinancialNon Convertible Debenture0.05%Power Grid Corporation of India Ltd Debenture 7.30 19/06/2027Energy & UtilitiesDebenture0.05%INDIAN RAILWAY FINANCE CORPORATION LIMITED SR 172B 7.45 BD 13OT28 FVRS1LACFinancialBonds/NCDs0.05%STATE DEVELOPMENT LOAN 37119 BH 25FB41 7.72 FV RS 100UnspecifiedState Development Loan0.05%INDIAN OIL CORPORATION LIMITED SR XXVII 7.25 NCD 06JN30 FVRS1LACEnergy & UtilitiesNon Convertible Debenture0.05%7.48 SIDBI 24.05.2029FinancialBonds0.05%HDFC BANK LIMITED SR US002 7.80 NCD 03MY33 FVRS1LACFinancialDebenture0.05%SMALL INDUSTRIES DEVELOPMENT BANK OF INDIA SR III 7.34 BD 26FB29 FVRS1LACFinancialBonds0.05%BHARTI TELECOM LIMITED SR XXX 7.85 NCD 20MR29 FVRS1LACTechnologyNon Convertible Debenture0.05%HOUSING AND URBAN DEVELOPMENT CORPORATION LIMITED SR B 6.90 NCD 06MY30 FVRS1LACFinancialDebenture0.05%NATIONAL HOUSING BANK 6.80 BD 02AP32 FVRS1LACFinancialBonds0.05%STATE DEVELOPMENT LOAN 36634 MH 23OT36 7.2 FV RS 100UnspecifiedState Development Loan0.05%Fortis Healthcare LtdHealthcareEquity0.04%Ceigall India Ltd.IndustrialsEquity0.04%STATE DEVELOPMENT LOAN 33876 GUJ 24JN33 7.63 FV RS 100IndustrialsState Development Loan0.04%ICICI Prudential Asset Management Company Ltd.FinancialEquity0.04%STATE DEVELOPMENT LOAN 37125 HAR 25FB41 7.67 FV RS 100UnspecifiedState Development Loan0.04%Devyani International LtdConsumer DiscretionaryEquity0.04%STATE DEVELOPMENT LOAN 33845 GUJ 17JN34 7.64 FV RS 100IndustrialsState Development Loan0.04%Colgate-Palmolive (India) LtdConsumer StaplesEquity0.04%NATIONAL BANK FOR AGRICULTURE AND RURAL DEVELOPMENT SR 25A 7.70 BD 30SP27 FVRS1LACFinancialDebenture0.03%LIC HOUSING FINANCE LTD TR 454 7.58 NCD 23MR35 FVRS1LACFinancialNon Convertible Debenture0.03%RHI Magnesita India LtdMaterialsEquity0.03%STATE DEVELOPMENT LOAN 37493 GUJ 10JU37 7.63 FV RS 100IndustrialsState Development Loan0.03%RURAL ELECTRIFICATION CORPORATION LIMITED SR GOI-IV 8.70 BD 28SP28 FVRS10LACFinancialZero Coupon Bonds0.03%SBI Funds Management LtdFinancialEquity0.03%GOVERNMENT OF INDIA 35031 GOI 07OT34 6.79 FV RS 100EntitiesGOI Securities0.03%HDFC BANK LIMITED SR W010 7.40 NCD 28FB30 FVRS10LACFinancialFixed Deposits0.03%Uttar Pradesh State Government Securities (20/03/2036)UnspecifiedState Development Loan0.03%Adani Ports and Special Economic Zone LtdIndustrialsEquity0.03%Ramco Systems LtdTechnologyEquity0.03%Medi Assist Healthcare Services Ltd.IndustrialsEquity0.03%STATE DEVELOPMENT LOAN 33877 GUJ 24JN34 7.63 FV RS 100IndustrialsState Development Loan0.03%GOVERNMENT OF INDIA 33002 GOI 12JU63 7.25 FV RS 100EntitiesGOI Securities0.03%HDFC BANK LIMITED SR Z007 7.10 NCD 12NV31 FVRS10LACFinancialDebenture0.03%Coromandel International LtdMaterialsEquity0.02%Chambal Fertilisers & Chemicals LtdMaterialsEquity0.02%7.75% IRFC NCD RED 15-04-2033**FinancialDebenture0.02%AXIS FINANCE LIMITED SR 03 RR NCD 11JN29 FVRS1LACFinancialNon Convertible Debenture0.02%NATIONAL BANK FOR AGRICULTURE AND RURAL DEVELOPMENT SR 25B 7.64 BD 06DC29 FVRS1LACFinancialBonds0.02%GOI Sec 7.23 15/04/2039EntitiesGOI Securities0.02%SANSAR TRUST JULY 2023 II SERIES A1 PTC 07AUG23FinancialSecuritised Debt0.02%TruAlt Bioenergy Ltd.Energy & UtilitiesEquity0.02%Aditya Infotech Ltd.TechnologyEquity0.02%STATE DEVELOPMENT LOAN 34136 MH 22MR39 7.45 FV RS 100UnspecifiedState Development Loan0.02%L&T Finance Holdings LtdFinancialEquity0.02%BEML Land Assets Ltd.Real EstateEquity0.02%Fusion Micro Finance LtdFinancialEquity0.02%Gsec C-STRIPS Mat 17-June-2028EntitiesGOI Securities0.02%Bajaj Housing Finance Ltd.FinancialEquity0.02%Varun Beverages LtdConsumer StaplesEquity0.01%Emcure Pharmaceuticals Ltd.HealthcareEquity0.01%Paradeep Phosphates LtdMaterialsEquity0.01%Shiprocket Ltd.TechnologyEquity0.01%Tata Chemicals LtdMaterialsEquity0.01%Union Bank of IndiaFinancialEquity0.01%Rites LtdIndustrialsEquity0.01%Star Health & Allied Insurance Co. LtdFinancialEquity0.01%Campus Activewear LtdConsumer DiscretionaryEquity0.01%UPL LtdMaterialsEquity0.01%STATE DEVELOPMENT LOAN 33896 MH 31JN35 7.63 FV RS 100UnspecifiedState Development Loan0.01%JNK India Ltd.IndustrialsEquity0.01%Tamil Nadu Newsprint & Papers LtdMaterialsEquity0.01%Aster DM Healthcare LtdHealthcareEquity0.01%Raajmarg Infra Investment TrustIndustrialsInfrastructure Investment Trust0.01%Kwality Walls India LtdConsumer StaplesEquity0.00%CENTRAL GOVERNMENT LOAN 30951 GOI 15DC51 6.99 FV RS 100EntitiesGOI Securities0.00%GOI Sec 7.17 17/04/2030EntitiesGOI Securities0.00%CENTRAL GOVERNMENT LOAN 29633 GOI 17DC50 6.67 FV RS 100EntitiesGOI Securities0.00%STATE DEVELOPMENT LOAN 34101 CHT 20MR34 7.47 FV RS 100UnspecifiedState Development Loan0.00%S Chand And Co LtdConsumer DiscretionaryEquity0.00%CMR Green Technologies Ltd.MaterialsEquity0.00%GOVERNMENT OF INDIA 32584 GOI 06FB33 7.26 FV RS 100EntitiesGOI Securities0.00%Tata Consumer Products LtdConsumer StaplesEquity0.00%Indus Towers LtdTechnologyEquity0.00%MEP Infrastructure Developers LtdIndustrialsEquity0.00%AGS Transact Technologies LtdIndustrialsEquity0.00%

EMBEDDING (384-dim vector):
   -0.0639  -0.0232  -0.0786   0.0063  -0.0205   0.0276   0.0252   0.0766   0.0114  -0.0124
    0.0274  -0.0082   0.0278   0.0127   0.0319  -0.0206   0.0662  -0.0561  -0.0207   0.0153
    0.0161  -0.0058  -0.0176  -0.0937   0.0663   0.0048  -0.0291   0.0905  -0.0525  -0.0848
    0.0063   0.0731  -0.0481   0.0125   0.0643   0.0352  -0.0522  -0.0062   0.0358  -0.0435
   -0.0243  -0.0384  -0.0324  -0.0527   0.0279  -0.0782  -0.0512   0.0313  -0.0043  -0.0057
    0.0210   0.0520  -0.0026   0.0032  -0.0277  -0.0411  -0.0206  -0.0132   0.0456  -0.0091
    0.0441   0.0084  -0.0145   0.0535   0.0252  -0.0200  -0.0202   0.0075  -0.0416  -0.0391
   -0.0204  -0.0538   0.0062  -0.0496  -0.0591  -0.0217   0.0796   0.0204   0.0160  -0.0717
   -0.0869  -0.0192   0.0201   0.0494  -0.0712   0.0208   0.0247  -0.0156   0.0219  -0.0185
    0.0825   0.0611  -0.0257   0.0455  -0.0298  -0.0178  -0.0236  -0.0073  -0.0169   0.0426
   -0.0065   0.0092  -0.0068  -0.0579  -0.1114  -0.1006   0.0622   0.0639   0.0572  -0.0756
   -0.0730   0.0924   0.0081  -0.0424  -0.0306  -0.0347  -0.0524  -0.0457   0.1206  -0.0209
    0.0744   0.0868  -0.0125   0.0171  -0.0637  -0.0037  -0.0000   0.0000  -0.0567   0.0086
    0.0335  -0.0212  -0.0347   0.0352  -0.0022   0.0487  -0.0301   0.0069  -0.0290  -0.0011
   -0.0476  -0.0223   0.0255  -0.0128  -0.0537  -0.0001   0.0452  -0.0380   0.0151  -0.0116
    0.0665   0.0036   0.0287  -0.0291   0.0221   0.0274  -0.0270   0.0544   0.0677   0.0114
   -0.0655  -0.0460  -0.0822   0.0230  -0.0855  -0.0667  -0.0647  -0.0335   0.0106   0.0416
   -0.1004   0.0119  -0.0110   0.0330   0.0480   0.0540   0.0210   0.0348  -0.1366   0.0600
   -0.0445   0.0198  -0.0240   0.0148   0.0303  -0.0438   0.0682   0.0125  -0.0735   0.0316
   -0.0651  -0.1071   0.0126   0.0566   0.0383   0.0314  -0.0057  -0.0388  -0.0239  -0.0896
    0.0965   0.0142   0.0343  -0.0182  -0.0217   0.0631   0.0517  -0.0952  -0.0178   0.0184
    0.0033  -0.0562   0.0870  -0.0111   0.0443  -0.1202   0.0361  -0.0374  -0.0307  -0.0441
    0.0073  -0.0131  -0.0317  -0.0000  -0.0629   0.0367  -0.0726   0.0687   0.0305  -0.0070
    0.0242  -0.0382   0.0776   0.0794   0.0122   0.0335  -0.0230  -0.0372   0.0208   0.0220
   -0.0117  -0.0358   0.0303  -0.0133   0.0225   0.0595   0.0161   0.0601   0.0278   0.0824
   -0.1231   0.0353   0.0081   0.0371   0.0139  -0.0181  -0.0754   0.1728  -0.0584  -0.0973
    0.0551  -0.0060  -0.0022   0.0643   0.0453  -0.0059   0.0002   0.0601  -0.0182  -0.0848
    0.0222  -0.0888   0.0990  -0.0109   0.0073   0.0454  -0.0252   0.0539  -0.0283  -0.0126
    0.0642   0.0360  -0.0694  -0.0701   0.0927   0.0885   0.0138   0.0375   0.0505  -0.0561
    0.0210  -0.0024   0.0357  -0.1294   0.0003  -0.0900   0.0056  -0.1411   0.0171   0.0417
    0.0508  -0.0566  -0.0399  -0.0171   0.0035   0.0510  -0.0010   0.0247  -0.0038  -0.0481
   -0.0274   0.0065   0.0335   0.0270  -0.0376   0.0619   0.0463   0.0248   0.0300  -0.0000
   -0.0433   0.0000   0.0154   0.0260   0.0778  -0.0483   0.0304   0.0198  -0.0194   0.0334
    0.1014  -0.0632  -0.0850  -0.0291  -0.0826  -0.0625  -0.1011   0.0583  -0.0555  -0.0341
    0.0193   0.0341   0.0393   0.0118  -0.0086  -0.0673  -0.0594  -0.0745   0.0848   0.0611
   -0.0544   0.0457   0.1053  -0.1065  -0.0049   0.0371   0.0464   0.0872   0.0430   0.0619
   -0.0868  -0.1059  -0.0036   0.0317   0.0359  -0.0116  -0.0608   0.0072   0.0625  -0.0842
   -0.0461  -0.0458  -0.0368  -0.0130  -0.0904   0.0089  -0.1399   0.0677  -0.0090  -0.0587
    0.0622  -0.0998  -0.0066  -0.0283

--------------------------------------------------------------------------------
CHUNK 27
--------------------------------------------------------------------------------
Scheme: HDFC Balanced Advantage Fund
Section: Benchmark
Source: https://groww.in/mutual-funds/hdfc-balanced-advantage-fund-direct-growth
Last Updated: 2026-10-01

TEXT:
Benchmark: HDFC NIFTY 50 Index Fund Direct Growth

EMBEDDING (384-dim vector):
    0.0447  -0.0880  -0.0396   0.0759   0.0855   0.0045  -0.0164  -0.0023  -0.0610   0.0145
   -0.0386  -0.0477  -0.0838  -0.0008  -0.0937  -0.0385  -0.0377  -0.0118   0.0357  -0.0348
   -0.0279  -0.0645  -0.0061  -0.0505   0.0830  -0.0355  -0.0475   0.0373  -0.0131  -0.0392
   -0.0124   0.0464   0.0209  -0.0095  -0.0108  -0.0218  -0.0069  -0.0348   0.0053  -0.0473
    0.0591  -0.0378  -0.0315  -0.0369   0.0713  -0.0269  -0.0127   0.0696   0.0003  -0.0350
   -0.0770   0.0371   0.0354   0.0007   0.0201   0.1030  -0.0214  -0.1037   0.0608  -0.0154
    0.0186  -0.0389   0.0399  -0.0847   0.0484   0.0007   0.0370  -0.0085   0.0056  -0.0041
   -0.0353  -0.0343  -0.1059  -0.0282  -0.0133  -0.0057   0.0416   0.0144   0.0672  -0.1121
   -0.0332   0.0062   0.0717  -0.0399  -0.0290  -0.0557   0.0643  -0.0514  -0.0207  -0.0797
    0.0726   0.0699  -0.0281   0.0527  -0.0267  -0.0086  -0.0426  -0.0334  -0.0583   0.0448
    0.0507   0.0192  -0.0456   0.0138  -0.0527  -0.0195   0.0486   0.0284   0.0318  -0.0289
    0.0308   0.0763  -0.0372  -0.0104   0.0137  -0.0221  -0.0592  -0.0660   0.0346   0.0127
    0.0714   0.0222  -0.0340   0.0035  -0.1043   0.0611  -0.0429   0.0000  -0.0059   0.0498
    0.0098  -0.0442  -0.0736  -0.0498   0.0487  -0.0045  -0.0618   0.0357  -0.0317   0.0832
   -0.0535  -0.0355  -0.0578  -0.1449   0.0166   0.1625   0.0093   0.0380   0.0495   0.0698
    0.0145  -0.0873   0.1254  -0.0321  -0.0807  -0.0506   0.0424   0.0630   0.0270  -0.0464
   -0.0249  -0.0400  -0.0448  -0.0744   0.0179   0.0101  -0.0987   0.0012  -0.0629   0.1217
   -0.0145  -0.0872  -0.1070   0.0707   0.0658  -0.0039   0.0220   0.0104  -0.0587  -0.0324
   -0.0460  -0.0093   0.0858   0.0200  -0.0112   0.0198   0.0858   0.0247  -0.0155  -0.0201
   -0.1192   0.0559  -0.0588   0.0915   0.0308   0.0096   0.0457   0.0478   0.0039   0.0588
    0.0698  -0.0527   0.0742  -0.0930  -0.0100   0.0503  -0.0089  -0.0110   0.0359   0.0319
    0.0222  -0.0429   0.0079  -0.0287  -0.0265   0.0302  -0.0691  -0.1281  -0.0112  -0.0522
    0.0916  -0.0700  -0.0280  -0.0000   0.0116  -0.0208   0.0115   0.0659  -0.0061   0.0470
    0.0016   0.0344   0.0361   0.0631   0.0980   0.0328   0.0321  -0.0053  -0.0403  -0.0537
    0.0102  -0.0677  -0.0091  -0.0714  -0.0137  -0.0126  -0.0138   0.1026  -0.0242   0.0302
   -0.0803   0.0431  -0.0149  -0.0658  -0.0090   0.0288  -0.0426   0.0284   0.0231   0.0004
   -0.0098   0.0271  -0.0457   0.0425   0.0007   0.0624   0.0224  -0.0487   0.0092   0.0183
   -0.0645   0.0787   0.1033  -0.0056  -0.0300  -0.0155   0.0075   0.0065  -0.0656   0.0130
    0.0088   0.0612  -0.0337   0.0341  -0.0200   0.0509  -0.0289   0.1086   0.0133   0.0055
   -0.0430  -0.0625   0.0439  -0.0632   0.0122  -0.0001   0.0823   0.0372  -0.0607   0.0359
    0.1076  -0.0228   0.0602   0.0792   0.0134   0.0589   0.0024   0.0070  -0.0272  -0.0180
    0.0405  -0.0905  -0.0120   0.0206  -0.0003  -0.0638  -0.0045  -0.0022   0.0307  -0.0000
    0.0175   0.0224   0.0160   0.0154   0.0231  -0.0387   0.0074   0.0546   0.0445   0.0007
    0.0853  -0.0067  -0.0430   0.0244   0.0035  -0.0763  -0.0381   0.0382  -0.0102  -0.0244
    0.0676   0.0893   0.1000  -0.0333   0.0230  -0.0466   0.0578  -0.0219   0.0021   0.0139
    0.0075   0.0403   0.0421   0.0531   0.0453   0.1194  -0.0369   0.0723  -0.0242   0.0385
    0.0555  -0.0089   0.0016  -0.0967  -0.0095  -0.0222  -0.1021  -0.0100   0.0917  -0.0992
   -0.0012  -0.0446  -0.0437   0.0344   0.0332   0.0792  -0.0591   0.0065  -0.0161  -0.0151
    0.1011  -0.1055  -0.0548   0.1032

--------------------------------------------------------------------------------
CHUNK 28
--------------------------------------------------------------------------------
Scheme: HDFC Balanced Advantage Fund
Section: Minimum SIP
Source: https://groww.in/mutual-funds/hdfc-balanced-advantage-fund-direct-growth
Last Updated: 2026-10-01

TEXT:
Minimum SIP: NAV: 30 Sep '26₹549.92Min. for SIP₹100Fund size (AUM)₹1,07,295.79 CrExpense ratio0.78%Rating5

EMBEDDING (384-dim vector):
    0.0424  -0.0116  -0.0741   0.0384  -0.0131   0.0097   0.0470   0.1035  -0.0099  -0.0091
    0.0132  -0.1247  -0.0276   0.0664  -0.0368  -0.0935  -0.0079  -0.1314   0.0407  -0.0291
    0.0457   0.0181  -0.0010  -0.0130   0.0281  -0.0250   0.0280   0.0337   0.0213  -0.0663
    0.0970   0.0906   0.1184  -0.0663   0.0051  -0.0238  -0.0441   0.0015   0.0456  -0.0793
    0.0256   0.0039   0.0229  -0.0247   0.0156  -0.0027  -0.0114   0.0650   0.0180   0.0694
    0.0425   0.0048  -0.0283  -0.0358  -0.0120  -0.0098  -0.0710  -0.0189   0.0408   0.0128
    0.0101   0.0285  -0.0336  -0.0080   0.0367  -0.0341  -0.0497  -0.0083   0.0159   0.0366
    0.0010  -0.0987  -0.0149  -0.0859  -0.0279  -0.0054   0.0320  -0.0073  -0.0605   0.0365
   -0.0411  -0.0514   0.0258   0.0360   0.0364  -0.0220   0.0579  -0.0501  -0.0190  -0.0275
    0.0682   0.1482  -0.0258   0.0215  -0.0223   0.0217  -0.0005  -0.0475  -0.0407   0.0551
    0.0480   0.1122  -0.0498  -0.0260  -0.0121  -0.0087   0.0406   0.0254   0.0327   0.0250
   -0.0281   0.0568   0.0111  -0.0567  -0.0210   0.0392  -0.0649  -0.0908   0.0934   0.0586
   -0.0600   0.0501  -0.0020  -0.0574  -0.0023  -0.0220   0.0501   0.0000  -0.0973   0.0299
   -0.0812  -0.0167  -0.0128   0.0091   0.0222  -0.0159  -0.0554  -0.0590  -0.0333  -0.0279
   -0.0202  -0.0301   0.0055  -0.0314   0.0292  -0.0096  -0.0315  -0.0575  -0.0557  -0.0512
    0.0052  -0.0129   0.0674   0.0133   0.0102  -0.0538   0.1290   0.0379   0.0470   0.0420
   -0.0457   0.0092  -0.0655   0.0565  -0.0007  -0.0087  -0.1208  -0.0599   0.0169   0.0926
    0.0207  -0.0208  -0.0604   0.0065   0.0258   0.0257   0.0208   0.0365  -0.1143  -0.0122
   -0.0290   0.0274  -0.0134  -0.0416  -0.0413  -0.0368  -0.0075  -0.0575   0.0274  -0.0135
   -0.0896  -0.0371   0.0008   0.0539  -0.0332  -0.1039   0.0567  -0.0360  -0.0276   0.0150
    0.1214   0.0348   0.0183   0.0217   0.0703   0.0064  -0.0174   0.0710  -0.0192   0.0208
    0.0675  -0.0027   0.0913  -0.0675   0.0172   0.0455   0.0152   0.0305  -0.0392  -0.0128
    0.0152  -0.0009  -0.0197  -0.0000  -0.0042  -0.0024  -0.0155   0.0570   0.0051   0.0259
    0.0770   0.0836   0.0436  -0.0436   0.0126   0.0607   0.1096  -0.0152  -0.0033   0.0416
    0.0352   0.0167   0.0545  -0.0144   0.0154   0.0720   0.0723   0.0715  -0.0093   0.0464
    0.0353  -0.0465  -0.0907  -0.0178   0.0115  -0.0195  -0.0715   0.1207  -0.1302  -0.0463
   -0.0080   0.0458  -0.0026   0.1236   0.0605   0.0225  -0.0635  -0.0913   0.0360  -0.0834
    0.0362  -0.0289   0.0136  -0.0814   0.0378  -0.0457   0.0398   0.0756   0.0780   0.0291
    0.0516  -0.0063   0.0303  -0.0662   0.0682   0.1134  -0.0252  -0.0501   0.0305  -0.0202
   -0.0688   0.0280   0.0458  -0.0442  -0.0177  -0.0205   0.0875   0.0175  -0.0112   0.0278
   -0.0298  -0.0101   0.0456   0.0028  -0.0211   0.1099   0.0050   0.0148   0.0362  -0.0232
    0.0404  -0.0815   0.0889   0.0450  -0.0591  -0.0184   0.0361  -0.0147  -0.0121  -0.0000
   -0.0068  -0.0211   0.0021   0.0567   0.0623   0.0304  -0.0496  -0.0378  -0.0267   0.0670
    0.0901  -0.0420  -0.0785   0.0060  -0.0702  -0.0002  -0.0021   0.0764  -0.0334  -0.0964
    0.0022   0.0345   0.0252   0.0328  -0.0003  -0.0150   0.0283   0.0180  -0.0546  -0.0901
   -0.0361   0.0650   0.0401  -0.0171  -0.1096   0.0206   0.0229   0.0416  -0.1099   0.0768
    0.0004  -0.1951  -0.0736  -0.0810  -0.0587   0.0558  -0.0324  -0.0099  -0.0059  -0.0667
    0.0594  -0.0073   0.0258   0.0082   0.0162  -0.0428  -0.0681  -0.0049  -0.0596  -0.0908
    0.0616   0.0440  -0.0327   0.0177

--------------------------------------------------------------------------------
CHUNK 29
--------------------------------------------------------------------------------
Scheme: HDFC Balanced Advantage Fund
Section: Lock-in Period
Source: https://groww.in/mutual-funds/hdfc-balanced-advantage-fund-direct-growth
Last Updated: 2026-10-01

TEXT:
Lock-in Period: HDFC ELSS Tax Saver Fund Direct Plan Growth

EMBEDDING (384-dim vector):
   -0.0282  -0.0306  -0.0247  -0.0215   0.1031   0.1048  -0.0008  -0.0054  -0.0462   0.0421
    0.0199   0.0034  -0.0832  -0.1214  -0.0070  -0.0289  -0.0959  -0.0520   0.0325   0.0013
    0.0957  -0.0420  -0.0538   0.0333   0.0879  -0.0792   0.0119   0.0661  -0.0060  -0.0256
    0.0422   0.0729  -0.0208  -0.0193   0.0541   0.0249  -0.0253   0.0395  -0.0384  -0.0601
    0.0111  -0.0441  -0.0735  -0.0533   0.0151  -0.0458  -0.0119   0.0284  -0.0489   0.0272
    0.0172   0.0417   0.0158  -0.0192   0.0373  -0.0181   0.0322   0.0093   0.0082  -0.0299
   -0.0910  -0.0597   0.0359  -0.0593  -0.0295   0.0639   0.0103  -0.0186  -0.0379  -0.0078
   -0.0805  -0.0660  -0.0853  -0.0441  -0.0123   0.0067   0.0166   0.0609   0.0601  -0.1201
   -0.0081   0.0253  -0.0170   0.0344  -0.0337  -0.0290   0.0671  -0.0903   0.0438  -0.0501
    0.0510   0.0508   0.0379   0.0269  -0.1028  -0.0387  -0.0125  -0.0528  -0.0287   0.0104
    0.0694   0.0684   0.0207  -0.0659  -0.0130  -0.0425   0.0300   0.0438   0.0316  -0.0560
    0.0263   0.0697   0.0348   0.0029  -0.0026  -0.0058  -0.0848  -0.1021   0.1164  -0.0490
    0.0949   0.0506  -0.0305  -0.0681  -0.0286  -0.0740  -0.0110   0.0000  -0.0344   0.0286
   -0.0201  -0.0440  -0.0611  -0.0597   0.0362   0.0496  -0.0463   0.0601   0.0060  -0.0039
    0.0149   0.0041   0.0005  -0.1183   0.0150   0.0812   0.0483   0.0380   0.0328   0.0010
    0.0823  -0.1331   0.1021  -0.0343  -0.0167  -0.0632   0.0040   0.0717   0.0140   0.0666
   -0.0094   0.0110  -0.0841   0.0168   0.0413  -0.0356  -0.0037  -0.0331  -0.0130   0.0790
    0.0661  -0.0273  -0.0334  -0.0237   0.0788   0.0127   0.0146   0.0646  -0.0415  -0.0586
    0.0159  -0.0616   0.0419   0.0032  -0.0761  -0.0303   0.0301   0.0176   0.0560  -0.0394
   -0.0873   0.0306  -0.0782   0.0735   0.0514  -0.0801   0.0262  -0.0239   0.0046   0.0093
    0.0330  -0.0471  -0.0231  -0.0387  -0.0337   0.1208  -0.0036   0.0307   0.0710  -0.0082
    0.0029  -0.0464   0.0879   0.0013   0.0695   0.1120  -0.0410  -0.0678   0.0158  -0.0483
    0.0991   0.0277  -0.0296  -0.0000   0.0004   0.0044   0.0353   0.0141   0.0549   0.0485
    0.0221  -0.0155  -0.0204   0.0061   0.0785   0.0189   0.0209   0.0041  -0.0042  -0.1039
    0.0667  -0.0558  -0.0420  -0.0504   0.0211  -0.0225  -0.0529   0.1087  -0.0305   0.0093
   -0.1340   0.0634  -0.0225   0.0257  -0.0611  -0.0226  -0.0652  -0.0122   0.0390  -0.0934
   -0.0360   0.0284  -0.0329   0.0538   0.0030  -0.0310  -0.0182  -0.0273   0.0371   0.0099
    0.0043   0.0123   0.0225   0.0721  -0.0336  -0.0429   0.0275   0.0015  -0.0343   0.0622
    0.1063  -0.0208  -0.0771   0.0082   0.0226   0.0651   0.0093   0.0879   0.0612   0.0007
   -0.0069  -0.1578   0.0657  -0.0823   0.0421  -0.0417   0.0028   0.0150  -0.0297   0.0298
    0.0058  -0.0443  -0.0011   0.0283   0.0080   0.0007  -0.0293   0.0315  -0.0402  -0.0383
   -0.0248  -0.1236  -0.0088  -0.0103  -0.0835  -0.0654  -0.0014   0.0468   0.0246  -0.0000
    0.0464   0.0659  -0.0297   0.0403   0.0406  -0.0800   0.0236   0.0092  -0.0010   0.0560
    0.1064   0.0693   0.0203  -0.0449  -0.0290  -0.0278   0.0351   0.1086  -0.0423   0.0048
    0.1086   0.0367  -0.0057  -0.0000   0.0338   0.0049   0.0599   0.0566   0.0838   0.0139
    0.0520  -0.0097   0.0215   0.0613  -0.0780   0.0637  -0.0757   0.0423   0.0830   0.0422
    0.0465  -0.0370  -0.0122  -0.0649  -0.0571   0.0404  -0.0845  -0.0452  -0.0063  -0.0608
   -0.0115   0.0022   0.0626  -0.0005   0.0624  -0.0026  -0.0338  -0.0103   0.0115  -0.0178
    0.0497  -0.0696  -0.0040   0.0792

--------------------------------------------------------------------------------
CHUNK 30
--------------------------------------------------------------------------------
Scheme: HDFC Balanced Advantage Fund
Section: Fund Manager
Source: https://groww.in/mutual-funds/hdfc-balanced-advantage-fund-direct-growth
Last Updated: 2026-10-01

TEXT:
Fund Manager: Prior to joining HDFC AMC he has worked with SBI Fund Management for 11 years.

EMBEDDING (384-dim vector):
    0.0582  -0.1183  -0.0781   0.0322   0.0605   0.0495   0.0318  -0.0405  -0.0471  -0.0447
   -0.0566   0.0059  -0.0554   0.0330   0.0355  -0.0043  -0.0037  -0.0886   0.0546  -0.0431
   -0.0066  -0.0853  -0.0082  -0.0317  -0.0202  -0.0419   0.0153   0.0363  -0.0857  -0.0245
    0.0651   0.0305   0.0358  -0.0344   0.0419   0.0721  -0.0287   0.0000  -0.0009  -0.0427
    0.0093  -0.0376   0.0580  -0.0846   0.0494  -0.0958  -0.0238   0.0035   0.0423   0.0147
   -0.0474  -0.0446   0.0875  -0.0478   0.0560   0.1201   0.0820  -0.0232  -0.0223  -0.0520
   -0.0528   0.0214   0.0134  -0.0155  -0.0316   0.0279  -0.0417   0.0008   0.0501  -0.0299
   -0.0135  -0.0662  -0.1374  -0.0395   0.0290  -0.0157   0.0128   0.0913   0.0718  -0.1367
   -0.0131   0.0098   0.0465   0.0251  -0.0567   0.0228  -0.0038  -0.0197  -0.0302   0.0473
    0.1014   0.0518  -0.0086  -0.0546  -0.0555  -0.0714  -0.0395  -0.0011  -0.0738   0.0181
   -0.0082  -0.0175   0.0118  -0.0816  -0.0202   0.0351   0.0165   0.0735   0.0511  -0.0146
    0.0243   0.0601  -0.0197   0.0299   0.0214   0.0240  -0.1201  -0.0277   0.0057  -0.0018
    0.0554   0.0695  -0.0149  -0.0045  -0.0894  -0.0286  -0.0471   0.0000   0.0557   0.0351
   -0.0067  -0.0033   0.0484   0.0173   0.0244   0.0071   0.0407   0.0051   0.0057   0.0894
   -0.0085  -0.0549  -0.0574  -0.0994  -0.0158   0.1008   0.0144  -0.0064   0.0130   0.0376
   -0.0027  -0.0756   0.1237   0.0062   0.0491   0.0630   0.1125   0.0604  -0.0459   0.0454
   -0.0632  -0.0258   0.0097  -0.0204  -0.0328  -0.0754  -0.0868  -0.0239  -0.0631   0.0589
    0.0318  -0.0040  -0.0809  -0.0181   0.1151   0.0423   0.0554   0.0384  -0.0710  -0.0886
    0.0330  -0.0352   0.0788  -0.0336   0.0316  -0.0168   0.0546   0.0041   0.0905   0.0287
   -0.0737   0.0636  -0.0302   0.0600   0.0835  -0.0453   0.0514  -0.0345   0.0420   0.0166
    0.0324  -0.0016  -0.0412  -0.0852  -0.0273   0.1293   0.0010   0.0596   0.0182   0.0207
    0.0883   0.0398   0.0331   0.0902   0.0888   0.0025  -0.0214  -0.0048   0.0120  -0.0254
    0.0936   0.0584   0.0288  -0.0000  -0.0663  -0.0273   0.0411  -0.0360  -0.0331   0.0019
   -0.0251   0.0129   0.0522  -0.0063   0.0302   0.0345  -0.0351  -0.0652  -0.0324  -0.0611
    0.0021  -0.0712  -0.0970  -0.0603   0.0861   0.0092   0.0471   0.0353  -0.0210  -0.0213
    0.0191   0.0440  -0.0924  -0.0064   0.0255  -0.0130  -0.1046  -0.0443  -0.0728  -0.0407
   -0.0055   0.0362  -0.0041   0.0259  -0.0084  -0.0224   0.0373  -0.0141  -0.0089  -0.0617
   -0.0582  -0.0688   0.0474  -0.0258  -0.1646  -0.1172   0.0308  -0.0493  -0.0422   0.0036
    0.0666   0.0343  -0.0139  -0.0256  -0.0119   0.0399   0.1195   0.1242   0.0039   0.0236
    0.0730  -0.0661  -0.0026  -0.0501   0.0916  -0.0383   0.0711   0.1583  -0.0126   0.0073
   -0.0225  -0.0389  -0.0184  -0.0101   0.0227  -0.0068  -0.0842   0.0554  -0.0404  -0.0297
    0.0351  -0.0913   0.0452  -0.0214   0.0252  -0.0758   0.0200   0.0055  -0.0058  -0.0000
   -0.0444   0.0468  -0.0398  -0.0625  -0.0004  -0.0359  -0.0586  -0.0262   0.0654  -0.0062
    0.0176   0.0677  -0.0347  -0.0365   0.0051  -0.0507   0.0311   0.0536   0.0118   0.0374
    0.0811   0.0186   0.0273   0.0091   0.0322  -0.0363  -0.0223   0.0386   0.0452   0.0128
   -0.0017   0.0334  -0.0006   0.0215   0.0281   0.0511  -0.0035  -0.0087  -0.0011   0.0414
    0.0155  -0.0626   0.0419  -0.0361  -0.0162   0.0197  -0.0884   0.0505   0.0311  -0.0945
   -0.0083   0.0402   0.0105  -0.0033  -0.0280  -0.0395   0.0025  -0.0284   0.0343   0.0010
    0.0541  -0.0830  -0.0084   0.0542

--------------------------------------------------------------------------------
CHUNK 31
--------------------------------------------------------------------------------
Scheme: HDFC Balanced Advantage Fund
Section: Asset Allocation
Source: https://groww.in/mutual-funds/hdfc-balanced-advantage-fund-direct-growth
Last Updated: 2026-10-01

TEXT:
Asset Allocation: Fund returns+10.2%+13.3%+13.4%+14.2%Category average (Hybrid Dynamic Asset Allocation)+9.4%+8.9%+10.1%+10.9%Rank (Hybrid Dynamic Asset Allocation)91----

EMBEDDING (384-dim vector):
    0.0742  -0.0482  -0.1116   0.0826   0.0288   0.0079   0.0416   0.0672   0.0129  -0.0158
   -0.0544   0.0139   0.0067  -0.0119  -0.0957  -0.0422   0.0354  -0.0478  -0.0429   0.0290
    0.0027  -0.0681   0.1239  -0.0547   0.1062  -0.0311  -0.0339   0.0257  -0.0375  -0.0825
    0.0108   0.0163   0.0364  -0.0288  -0.0607   0.0016  -0.0613  -0.0504  -0.0029   0.0550
   -0.0611   0.0292   0.0246  -0.0751   0.0506  -0.0142  -0.0681   0.0384   0.0118   0.0015
   -0.0247   0.0691  -0.0531   0.0190  -0.0273   0.0530  -0.0949  -0.0339   0.0268   0.0102
    0.0443   0.0661   0.1135   0.0560   0.0559  -0.0220  -0.0573   0.0417   0.0326  -0.0182
    0.0247  -0.0176  -0.0984  -0.1351  -0.0008   0.0563   0.0214   0.0525   0.0233  -0.0148
   -0.0081  -0.0214   0.0146  -0.0394   0.0303  -0.0510   0.0594  -0.0229   0.0369   0.0108
    0.0469  -0.0134  -0.0046   0.0273  -0.0117  -0.0050  -0.0085  -0.1177  -0.0306   0.0097
    0.0091  -0.0179   0.0319  -0.0129  -0.0207  -0.0908   0.0969   0.0183   0.0238  -0.0418
   -0.0012   0.1030  -0.0526  -0.0054  -0.0835   0.0256  -0.0718  -0.0323   0.0780   0.0302
    0.0937   0.0283   0.0384   0.0172  -0.0104   0.0290  -0.0879   0.0000  -0.0559  -0.0590
    0.0510  -0.0197  -0.0834  -0.0438   0.0307  -0.0430  -0.0797  -0.0830   0.0225   0.0892
    0.0128   0.1011   0.0350  -0.1224  -0.0074   0.1340   0.0616  -0.0182   0.0068   0.1332
    0.0520  -0.0685   0.1144  -0.0261  -0.0487   0.0018  -0.0763   0.0392   0.0016  -0.0396
   -0.0376  -0.0627  -0.0236   0.0562  -0.0585   0.0425  -0.0220   0.0198  -0.0323  -0.0209
   -0.0153  -0.0850  -0.0950   0.0387   0.0758   0.0889   0.0086   0.0065  -0.1086  -0.0294
   -0.0172   0.0530   0.0079  -0.0071  -0.0648  -0.0490  -0.0887  -0.0026  -0.0245  -0.0155
   -0.0994  -0.0211  -0.0806   0.0324   0.0521  -0.0268   0.0452   0.1120   0.0128  -0.0162
    0.0360   0.0455   0.0190   0.0396  -0.0436   0.0574  -0.0320   0.0404  -0.0256   0.0076
   -0.0034  -0.0358  -0.0373   0.0703   0.0902   0.0039  -0.0075  -0.0862   0.0490  -0.0449
    0.0754  -0.0282  -0.0064  -0.0000  -0.0608   0.0527   0.0640   0.0142  -0.0348   0.0361
   -0.0087   0.0195  -0.0428   0.0468  -0.0296   0.0154  -0.0143  -0.0649  -0.0726  -0.0872
   -0.0195  -0.0388   0.0510  -0.0336   0.0146   0.0658   0.0608  -0.0020  -0.0176   0.0275
   -0.0527   0.0192  -0.0709  -0.1285   0.0058  -0.0739  -0.0575   0.0536  -0.0204  -0.0467
   -0.0032  -0.0804   0.0451   0.0552   0.0519  -0.0081   0.0299  -0.0282   0.1014   0.0035
   -0.0508   0.0686   0.0927  -0.0362  -0.0063   0.0272  -0.0481   0.0120  -0.0481  -0.0245
    0.0598   0.0114  -0.0329   0.0428   0.0173   0.0617   0.0374   0.0661  -0.0701  -0.0412
   -0.0943  -0.0887  -0.0090  -0.0200   0.0217   0.0049   0.0656   0.0843   0.0174   0.0422
    0.0315  -0.0673   0.0620   0.0325  -0.0419   0.0036   0.0069  -0.0231  -0.0672   0.0192
    0.0255  -0.0480  -0.0080   0.0335  -0.0261  -0.0511   0.0182   0.0707   0.0012  -0.0000
    0.0025  -0.0014   0.0443   0.0120  -0.0441  -0.0104   0.0450  -0.0513   0.0046   0.0216
    0.0666  -0.0513  -0.0854  -0.0144  -0.0654  -0.0448  -0.0291   0.0499   0.0031  -0.0725
    0.0382   0.0239   0.0322   0.0116   0.0268   0.0191   0.0076   0.0069  -0.0364   0.0366
    0.0351   0.0151   0.0124   0.0156  -0.0840   0.0857  -0.0161   0.0450   0.0065   0.0901
    0.0031  -0.0412   0.0946  -0.0297  -0.0292   0.0010  -0.0708  -0.0140   0.0677  -0.0928
    0.0541  -0.0114  -0.0555   0.0140   0.0258   0.0313  -0.0380   0.0170  -0.0566  -0.0251
    0.0585  -0.0941  -0.0455   0.0707

